Metrics,LoadPoint,overlaps,src,dest, ,rep0,rep1,rep2,rep3,rep4
Average Crosstalk per overlaps,0,0,all,all, ,-200.0,-200.0,-200.0,-200.0,-200.0
Average Crosstalk per overlaps,1,0,all,all, ,-200.0,-200.0,-200.0,-200.0,-200.0
Average Crosstalk per overlaps,2,0,all,all, ,-200.0,-200.0,-200.0,-200.0,-200.0
Average Crosstalk per overlaps,3,0,all,all, ,-200.0,-200.0,-200.0,-200.0,-200.0
Average Crosstalk per overlaps,4,0,all,all, ,-200.0,-200.0,-200.0,-200.0,-200.0


Minimum Crosstalk per overlaps,0,0,all,all, ,-200.0,-200.0,-200.0,-200.0,-200.0
Minimum Crosstalk per overlaps,1,0,all,all, ,-200.0,-200.0,-200.0,-200.0,-200.0
Minimum Crosstalk per overlaps,2,0,all,all, ,-200.0,-200.0,-200.0,-200.0,-200.0
Minimum Crosstalk per overlaps,3,0,all,all, ,-200.0,-200.0,-200.0,-200.0,-200.0
Minimum Crosstalk per overlaps,4,0,all,all, ,-200.0,-200.0,-200.0,-200.0,-200.0


Maximum Crosstalk per overlaps,0,0,all,all, ,-200.0,-200.0,-200.0,-200.0,-200.0
Maximum Crosstalk per overlaps,1,0,all,all, ,-200.0,-200.0,-200.0,-200.0,-200.0
Maximum Crosstalk per overlaps,2,0,all,all, ,-200.0,-200.0,-200.0,-200.0,-200.0
Maximum Crosstalk per overlaps,3,0,all,all, ,-200.0,-200.0,-200.0,-200.0,-200.0
Maximum Crosstalk per overlaps,4,0,all,all, ,-200.0,-200.0,-200.0,-200.0,-200.0


Average Crosstalk per pair,0,all,1,6, ,-200.0,-200.0,-200.0,-200.0,-200.0
Average Crosstalk per pair,0,all,8,3, ,-200.0,-200.0,-200.0,-200.0,-200.0
Average Crosstalk per pair,0,all,6,9, ,-200.0,-200.0,-200.0,-200.0,-200.0
Average Crosstalk per pair,0,all,1,7, ,-200.0,-200.0,-200.0,-200.0,-200.0
Average Crosstalk per pair,0,all,4,6, ,-200.0,-200.0,-200.0,-200.0,-200.0
Average Crosstalk per pair,0,all,2,12, ,-200.0,-200.0,-200.0,-200.0,-200.0
Average Crosstalk per pair,0,all,7,9, ,-200.0,-200.0,-200.0,-200.0,-200.0
Average Crosstalk per pair,0,all,2,3, ,-200.0,-200.0,-200.0,-200.0,-200.0
Average Crosstalk per pair,0,all,3,14, ,-200.0,-200.0,-200.0,-200.0,-200.0
Average Crosstalk per pair,0,all,4,10, ,-200.0,-200.0,-200.0,-200.0,-200.0
Average Crosstalk per pair,0,all,3,11, ,-200.0,-200.0,-200.0,-200.0,-200.0
Average Crosstalk per pair,0,all,4,5, ,-200.0,-200.0,-200.0,-200.0,-200.0
Average Crosstalk per pair,0,all,10,4, ,-200.0,-200.0,-200.0,-200.0,-200.0
Average Crosstalk per pair,0,all,14,8, ,-200.0,-200.0,-200.0,-200.0,-200.0
Average Crosstalk per pair,0,all,2,6, ,-200.0,-200.0,-200.0,-200.0,-200.0
Average Crosstalk per pair,0,all,5,13, ,-200.0,-200.0,-200.0,-200.0,-200.0
Average Crosstalk per pair,0,all,10,11, ,-200.0,-200.0,-200.0,-200.0,-200.0
Average Crosstalk per pair,0,all,6,5, ,-200.0,-200.0,-200.0,-200.0,-200.0
Average Crosstalk per pair,0,all,7,8, ,-200.0,-200.0,-200.0,-200.0,-200.0
Average Crosstalk per pair,0,all,14,10, ,-200.0,-200.0,-200.0,-200.0,-200.0
Average Crosstalk per pair,0,all,11,9, ,-200.0,-200.0,-200.0,-200.0,-200.0
Average Crosstalk per pair,0,all,8,4, ,-200.0,-200.0,-200.0,-200.0,-200.0
Average Crosstalk per pair,0,all,2,8, ,-200.0,-200.0,-200.0,-200.0,-200.0
Average Crosstalk per pair,0,all,2,7, ,-200.0,-200.0,-200.0,-200.0,-200.0
Average Crosstalk per pair,0,all,4,8, ,-200.0,-200.0,-200.0,-200.0,-200.0
Average Crosstalk per pair,0,all,9,14, ,-200.0,-200.0,-200.0,-200.0,-200.0
Average Crosstalk per pair,0,all,9,2, ,-200.0,-200.0,-200.0,-200.0,-200.0
Average Crosstalk per pair,0,all,10,3, ,-200.0,-200.0,-200.0,-200.0,-200.0
Average Crosstalk per pair,0,all,12,4, ,-200.0,-200.0,-200.0,-200.0,-200.0
Average Crosstalk per pair,0,all,4,12, ,-200.0,-200.0,-200.0,-200.0,-200.0
Average Crosstalk per pair,0,all,5,2, ,-200.0,-200.0,-200.0,-200.0,-200.0
Average Crosstalk per pair,0,all,3,2, ,-200.0,-200.0,-200.0,-200.0,-200.0
Average Crosstalk per pair,0,all,12,9, ,-200.0,-200.0,-200.0,-200.0,-200.0
Average Crosstalk per pair,0,all,10,13, ,-200.0,-200.0,-200.0,-200.0,-200.0
Average Crosstalk per pair,0,all,1,8, ,-200.0,-200.0,-200.0,-200.0,-200.0
Average Crosstalk per pair,0,all,3,9, ,-200.0,-200.0,-200.0,-200.0,-200.0
Average Crosstalk per pair,0,all,11,6, ,-200.0,-200.0,-200.0,-200.0,-200.0
Average Crosstalk per pair,0,all,9,6, ,-200.0,-200.0,-200.0,-200.0,-200.0
Average Crosstalk per pair,0,all,10,12, ,-200.0,-200.0,-200.0,-200.0,-200.0
Average Crosstalk per pair,0,all,4,14, ,-200.0,-200.0,-200.0,-200.0,-200.0
Average Crosstalk per pair,0,all,14,13, ,-200.0,-200.0,-200.0,-200.0,-200.0
Average Crosstalk per pair,0,all,11,5, ,-200.0,-200.0,-200.0,-200.0,-200.0
Average Crosstalk per pair,0,all,2,11, ,-200.0,-200.0,-200.0,-200.0,-200.0
Average Crosstalk per pair,0,all,14,12, ,-200.0,-200.0,-200.0,-200.0,-200.0
Average Crosstalk per pair,0,all,1,4, ,-200.0,-200.0,-200.0,-200.0,-200.0
Average Crosstalk per pair,0,all,3,13, ,-200.0,-200.0,-200.0,-200.0,-200.0
Average Crosstalk per pair,0,all,3,7, ,-200.0,-200.0,-200.0,-200.0,-200.0
Average Crosstalk per pair,0,all,10,5, ,-200.0,-200.0,-200.0,-200.0,-200.0
Average Crosstalk per pair,0,all,2,4, ,-200.0,-200.0,-200.0,-200.0,-200.0
Average Crosstalk per pair,0,all,4,2, ,-200.0,-200.0,-200.0,-200.0,-200.0
Average Crosstalk per pair,0,all,3,10, ,-200.0,-200.0,-200.0,-200.0,-200.0
Average Crosstalk per pair,0,all,5,11, ,-200.0,-200.0,-200.0,-200.0,-200.0
Average Crosstalk per pair,0,all,2,14, ,-200.0,-200.0,-200.0,-200.0,-200.0
Average Crosstalk per pair,0,all,10,2, ,-200.0,-200.0,-200.0,-200.0,-200.0
Average Crosstalk per pair,0,all,2,1, ,-200.0,-200.0,-200.0,-200.0,-200.0
Average Crosstalk per pair,0,all,8,2, ,-200.0,-200.0,-200.0,-200.0,-200.0
Average Crosstalk per pair,0,all,10,14, ,-200.0,-200.0,-200.0,-200.0,-200.0
Average Crosstalk per pair,0,all,7,2, ,-200.0,-200.0,-200.0,-200.0,-200.0
Average Crosstalk per pair,0,all,11,14, ,-200.0,-200.0,-200.0,-200.0,-200.0
Average Crosstalk per pair,0,all,7,13, ,-200.0,-200.0,-200.0,-200.0,-200.0
Average Crosstalk per pair,0,all,3,12, ,-200.0,-200.0,-200.0,-200.0,-200.0
Average Crosstalk per pair,0,all,13,12, ,-200.0,-200.0,-200.0,-200.0,-200.0
Average Crosstalk per pair,0,all,7,5, ,-200.0,-200.0,-200.0,-200.0,-200.0
Average Crosstalk per pair,0,all,4,7, ,-200.0,-200.0,-200.0,-200.0,-200.0
Average Crosstalk per pair,0,all,6,8, ,-200.0,-200.0,-200.0,-200.0,-200.0
Average Crosstalk per pair,0,all,13,5, ,-200.0,-200.0,-200.0,-200.0,-200.0
Average Crosstalk per pair,0,all,5,14, ,-200.0,-200.0,-200.0,-200.0,-200.0
Average Crosstalk per pair,0,all,1,14, ,-200.0,-200.0,-200.0,-200.0,-200.0
Average Crosstalk per pair,0,all,6,2, ,-200.0,-200.0,-200.0,-200.0,-200.0
Average Crosstalk per pair,0,all,3,5, ,-200.0,-200.0,-200.0,-200.0,-200.0
Average Crosstalk per pair,0,all,6,3, ,-200.0,-200.0,-200.0,-200.0,-200.0
Average Crosstalk per pair,0,all,7,11, ,-200.0,-200.0,-200.0,-200.0,-200.0
Average Crosstalk per pair,0,all,11,7, ,-200.0,-200.0,-200.0,-200.0,-200.0
Average Crosstalk per pair,0,all,10,7, ,-200.0,-200.0,-200.0,-200.0,-200.0
Average Crosstalk per pair,0,all,6,14, ,-200.0,-200.0,-200.0,-200.0,-200.0
Average Crosstalk per pair,0,all,6,12, ,-200.0,-200.0,-200.0,-200.0,-200.0
Average Crosstalk per pair,0,all,13,4, ,-200.0,-200.0,-200.0,-200.0,-200.0
Average Crosstalk per pair,0,all,12,13, ,-200.0,-200.0,-200.0,-200.0,-200.0
Average Crosstalk per pair,0,all,6,4, ,-200.0,-200.0,-200.0,-200.0,-200.0
Average Crosstalk per pair,0,all,14,4, ,-200.0,-200.0,-200.0,-200.0,-200.0
Average Crosstalk per pair,0,all,9,12, ,-200.0,-200.0,-200.0,-200.0,-200.0
Average Crosstalk per pair,0,all,10,1, ,-200.0,-200.0,-200.0,-200.0,-200.0
Average Crosstalk per pair,0,all,9,7, ,-200.0,-200.0,-200.0,-200.0,-200.0
Average Crosstalk per pair,0,all,11,13, ,-200.0,-200.0,-200.0,-200.0,-200.0
Average Crosstalk per pair,0,all,13,10, ,-200.0,-200.0,-200.0,-200.0,-200.0
Average Crosstalk per pair,0,all,14,7, ,-200.0,-200.0,-200.0,-200.0,-200.0
Average Crosstalk per pair,0,all,5,12, ,-200.0,-200.0,-200.0,-200.0,-200.0
Average Crosstalk per pair,0,all,13,2, ,-200.0,-200.0,-200.0,-200.0,-200.0
Average Crosstalk per pair,0,all,3,1, ,-200.0,-200.0,-200.0,-200.0,-200.0
Average Crosstalk per pair,0,all,2,13, ,-200.0,-200.0,-200.0,-200.0,-200.0
Average Crosstalk per pair,0,all,8,11, ,-200.0,-200.0,-200.0,-200.0,-200.0
Average Crosstalk per pair,0,all,6,11, ,-200.0,-200.0,-200.0,-200.0,-200.0
Average Crosstalk per pair,0,all,13,3, ,-200.0,-200.0,-200.0,-200.0,-200.0
Average Crosstalk per pair,0,all,1,3, ,-200.0,-200.0,-200.0,-200.0,-200.0
Average Crosstalk per pair,0,all,12,6, ,-200.0,-200.0,-200.0,-200.0,-200.0
Average Crosstalk per pair,0,all,6,10, ,-200.0,-200.0,-200.0,-200.0,-200.0
Average Crosstalk per pair,0,all,7,4, ,-200.0,-200.0,-200.0,-200.0,-200.0
Average Crosstalk per pair,0,all,13,1, ,-200.0,-200.0,-200.0,-200.0,-200.0
Average Crosstalk per pair,0,all,1,10, ,-200.0,-200.0,-200.0,-200.0,-200.0
Average Crosstalk per pair,0,all,5,7, ,-200.0,-200.0,-200.0,-200.0,-200.0
Average Crosstalk per pair,0,all,14,2, ,-200.0,-200.0,-199.73304494365934,-200.0,-200.0
Average Crosstalk per pair,0,all,1,9, ,-200.0,-200.0,-200.0,-200.0,-200.0
Average Crosstalk per pair,0,all,13,11, ,-200.0,-200.0,-200.0,-200.0,-200.0
Average Crosstalk per pair,0,all,10,6, ,-200.0,-200.0,-200.0,-200.0,-200.0
Average Crosstalk per pair,0,all,11,2, ,-200.0,-200.0,-200.0,-200.0,-200.0
Average Crosstalk per pair,0,all,12,5, ,-200.0,-200.0,-200.0,-200.0,-200.0
Average Crosstalk per pair,0,all,8,10, ,-200.0,-200.0,-200.0,-200.0,-200.0
Average Crosstalk per pair,0,all,4,1, ,-200.0,-200.0,-200.0,-200.0,-200.0
Average Crosstalk per pair,0,all,5,1, ,-200.0,-200.0,-200.0,-200.0,-200.0
Average Crosstalk per pair,0,all,1,2, ,-200.0,-200.0,-200.0,-200.0,-200.0
Average Crosstalk per pair,0,all,8,13, ,-200.0,-200.0,-200.0,-200.0,-200.0
Average Crosstalk per pair,0,all,10,9, ,-200.0,-200.0,-200.0,-200.0,-200.0
Average Crosstalk per pair,0,all,2,5, ,-200.0,-200.0,-200.0,-200.0,-200.0
Average Crosstalk per pair,0,all,8,14, ,-200.0,-200.0,-200.0,-200.0,-200.0
Average Crosstalk per pair,0,all,5,10, ,-200.0,-200.0,-200.0,-200.0,-200.0
Average Crosstalk per pair,0,all,5,4, ,-200.0,-200.0,-200.0,-200.0,-200.0
Average Crosstalk per pair,0,all,7,10, ,-200.0,-200.0,-200.0,-200.0,-200.0
Average Crosstalk per pair,0,all,14,3, ,-200.0,-200.0,-200.0,-200.0,-200.0
Average Crosstalk per pair,0,all,8,1, ,-200.0,-200.0,-200.0,-200.0,-200.0
Average Crosstalk per pair,0,all,12,10, ,-200.0,-200.0,-200.0,-200.0,-200.0
Average Crosstalk per pair,0,all,8,7, ,-200.0,-200.0,-200.0,-200.0,-200.0
Average Crosstalk per pair,0,all,3,6, ,-200.0,-200.0,-200.0,-200.0,-200.0
Average Crosstalk per pair,0,all,7,3, ,-200.0,-200.0,-200.0,-200.0,-200.0
Average Crosstalk per pair,0,all,8,12, ,-200.0,-200.0,-200.0,-200.0,-200.0
Average Crosstalk per pair,0,all,11,12, ,-200.0,-200.0,-200.0,-200.0,-200.0
Average Crosstalk per pair,0,all,5,6, ,-200.0,-200.0,-200.0,-200.0,-200.0
Average Crosstalk per pair,0,all,7,12, ,-200.0,-200.0,-200.0,-200.0,-200.0
Average Crosstalk per pair,0,all,9,10, ,-200.0,-200.0,-200.0,-200.0,-200.0
Average Crosstalk per pair,0,all,8,9, ,-200.0,-200.0,-200.0,-200.0,-200.0
Average Crosstalk per pair,0,all,8,5, ,-200.0,-200.0,-200.0,-200.0,-200.0
Average Crosstalk per pair,0,all,14,5, ,-200.0,-200.0,-200.0,-200.0,-200.0
Average Crosstalk per pair,0,all,13,7, ,-200.0,-200.0,-200.0,-200.0,-200.0
Average Crosstalk per pair,0,all,5,9, ,-200.0,-200.0,-200.0,-200.0,-200.0
Average Crosstalk per pair,0,all,13,9, ,-200.0,-200.0,-200.0,-200.0,-200.0
Average Crosstalk per pair,0,all,9,13, ,-200.0,-200.0,-200.0,-200.0,-200.0
Average Crosstalk per pair,0,all,13,14, ,-200.0,-200.0,-200.0,-200.0,-200.0
Average Crosstalk per pair,0,all,11,3, ,-200.0,-200.0,-200.0,-200.0,-200.0
Average Crosstalk per pair,0,all,12,1, ,-200.0,-200.0,-200.0,-200.0,-200.0
Average Crosstalk per pair,0,all,9,8, ,-200.0,-200.0,-200.0,-200.0,-200.0
Average Crosstalk per pair,0,all,12,2, ,-200.0,-200.0,-200.0,-200.0,-200.0
Average Crosstalk per pair,0,all,6,7, ,-200.0,-200.0,-200.0,-200.0,-200.0
Average Crosstalk per pair,0,all,9,4, ,-200.0,-200.0,-200.0,-200.0,-200.0
Average Crosstalk per pair,0,all,6,13, ,-200.0,-200.0,-200.0,-200.0,-200.0
Average Crosstalk per pair,0,all,14,11, ,-200.0,-200.0,-200.0,-200.0,-200.0
Average Crosstalk per pair,0,all,3,8, ,-200.0,-200.0,-200.0,-200.0,-200.0
Average Crosstalk per pair,0,all,11,8, ,-200.0,-200.0,-200.0,-200.0,-200.0
Average Crosstalk per pair,0,all,2,9, ,-200.0,-200.0,-200.0,-200.0,-200.0
Average Crosstalk per pair,0,all,5,3, ,-200.0,-200.0,-200.0,-200.0,-200.0
Average Crosstalk per pair,0,all,7,6, ,-200.0,-200.0,-200.0,-200.0,-200.0
Average Crosstalk per pair,0,all,14,1, ,-200.0,-200.0,-200.0,-200.0,-200.0
Average Crosstalk per pair,0,all,11,1, ,-200.0,-200.0,-200.0,-200.0,-200.0
Average Crosstalk per pair,0,all,12,14, ,-200.0,-200.0,-200.0,-200.0,-200.0
Average Crosstalk per pair,0,all,4,11, ,-200.0,-200.0,-200.0,-200.0,-200.0
Average Crosstalk per pair,0,all,7,14, ,-200.0,-200.0,-200.0,-200.0,-200.0
Average Crosstalk per pair,0,all,12,7, ,-200.0,-200.0,-200.0,-200.0,-200.0
Average Crosstalk per pair,0,all,10,8, ,-200.0,-200.0,-200.0,-200.0,-200.0
Average Crosstalk per pair,0,all,4,13, ,-200.0,-200.0,-200.0,-200.0,-200.0
Average Crosstalk per pair,0,all,1,12, ,-200.0,-200.0,-200.0,-200.0,-200.0
Average Crosstalk per pair,0,all,3,4, ,-200.0,-200.0,-200.0,-200.0,-200.0
Average Crosstalk per pair,0,all,9,11, ,-200.0,-200.0,-200.0,-200.0,-200.0
Average Crosstalk per pair,0,all,12,8, ,-200.0,-200.0,-200.0,-200.0,-200.0
Average Crosstalk per pair,0,all,14,6, ,-200.0,-200.0,-200.0,-200.0,-200.0
Average Crosstalk per pair,0,all,4,3, ,-200.0,-200.0,-200.0,-200.0,-200.0
Average Crosstalk per pair,0,all,9,3, ,-200.0,-200.0,-200.0,-200.0,-200.0
Average Crosstalk per pair,0,all,9,1, ,-200.0,-200.0,-200.0,-200.0,-200.0
Average Crosstalk per pair,0,all,4,9, ,-200.0,-200.0,-200.0,-200.0,-200.0
Average Crosstalk per pair,0,all,9,5, ,-200.0,-200.0,-200.0,-200.0,-200.0
Average Crosstalk per pair,0,all,13,6, ,-200.0,-200.0,-200.0,-200.0,-200.0
Average Crosstalk per pair,0,all,2,10, ,-200.0,-200.0,-200.0,-200.0,-200.0
Average Crosstalk per pair,0,all,11,10, ,-200.0,-200.0,-200.0,-200.0,-200.0
Average Crosstalk per pair,0,all,12,11, ,-200.0,-200.0,-200.0,-200.0,-200.0
Average Crosstalk per pair,0,all,1,13, ,-200.0,-200.0,-200.0,-200.0,-200.0
Average Crosstalk per pair,0,all,11,4, ,-200.0,-200.0,-200.0,-200.0,-200.0
Average Crosstalk per pair,0,all,14,9, ,-200.0,-200.0,-200.0,-200.0,-200.0
Average Crosstalk per pair,0,all,1,11, ,-200.0,-200.0,-200.0,-200.0,-200.0
Average Crosstalk per pair,0,all,6,1, ,-200.0,-200.0,-200.0,-200.0,-200.0
Average Crosstalk per pair,0,all,12,3, ,-200.0,-200.0,-200.0,-200.0,-200.0
Average Crosstalk per pair,0,all,5,8, ,-200.0,-200.0,-200.0,-200.0,-200.0
Average Crosstalk per pair,0,all,1,5, ,-200.0,-200.0,-200.0,-200.0,-200.0
Average Crosstalk per pair,0,all,8,6, ,-200.0,-200.0,-200.0,-200.0,-200.0
Average Crosstalk per pair,0,all,7,1, ,-200.0,-200.0,-200.0,-200.0,-200.0
Average Crosstalk per pair,0,all,13,8, ,-200.0,-200.0,-200.0,-200.0,-200.0
Average Crosstalk per pair,1,all,1,6, ,-200.0,-200.0,-200.0,-200.0,-200.0
Average Crosstalk per pair,1,all,8,3, ,-200.0,-200.0,-200.0,-200.0,-200.0
Average Crosstalk per pair,1,all,6,9, ,-200.0,-200.0,-200.0,-200.0,-200.0
Average Crosstalk per pair,1,all,1,7, ,-200.0,-200.0,-200.0,-200.0,-200.0
Average Crosstalk per pair,1,all,4,6, ,-200.0,-200.0,-200.0,-200.0,-200.0
Average Crosstalk per pair,1,all,2,12, ,-200.0,-200.0,-200.0,-200.0,-200.0
Average Crosstalk per pair,1,all,7,9, ,-200.0,-200.0,-200.0,-200.0,-200.0
Average Crosstalk per pair,1,all,2,3, ,-200.0,-200.0,-200.0,-200.0,-200.0
Average Crosstalk per pair,1,all,3,14, ,-200.0,-200.0,-200.0,-200.0,-200.0
Average Crosstalk per pair,1,all,4,10, ,-200.0,-200.0,-200.0,-200.0,-200.0
Average Crosstalk per pair,1,all,3,11, ,-200.0,-200.0,-200.0,-200.0,-200.0
Average Crosstalk per pair,1,all,4,5, ,-200.0,-200.0,-200.0,-200.0,-200.0
Average Crosstalk per pair,1,all,10,4, ,-200.0,-200.0,-200.0,-200.0,-200.0
Average Crosstalk per pair,1,all,14,8, ,-200.0,-200.0,-200.0,-200.0,-200.0
Average Crosstalk per pair,1,all,2,6, ,-200.0,-200.0,-200.0,-200.0,-200.0
Average Crosstalk per pair,1,all,5,13, ,-200.0,-200.0,-200.0,-200.0,-200.0
Average Crosstalk per pair,1,all,10,11, ,-200.0,-200.0,-200.0,-200.0,-200.0
Average Crosstalk per pair,1,all,6,5, ,-200.0,-200.0,-200.0,-200.0,-200.0
Average Crosstalk per pair,1,all,7,8, ,-200.0,-200.0,-200.0,-200.0,-200.0
Average Crosstalk per pair,1,all,14,10, ,-200.0,-200.0,-200.0,-200.0,-200.0
Average Crosstalk per pair,1,all,11,9, ,-200.0,-200.0,-200.0,-200.0,-200.0
Average Crosstalk per pair,1,all,8,4, ,-200.0,-200.0,-200.0,-200.0,-200.0
Average Crosstalk per pair,1,all,2,8, ,-200.0,-200.0,-200.0,-200.0,-200.0
Average Crosstalk per pair,1,all,2,7, ,-200.0,-200.0,-200.0,-200.0,-200.0
Average Crosstalk per pair,1,all,4,8, ,-200.0,-200.0,-200.0,-200.0,-200.0
Average Crosstalk per pair,1,all,9,14, ,-200.0,-200.0,-200.0,-200.0,-200.0
Average Crosstalk per pair,1,all,9,2, ,-200.0,-200.0,-200.0,-200.0,-200.0
Average Crosstalk per pair,1,all,10,3, ,-200.0,-200.0,-200.0,-200.0,-200.0
Average Crosstalk per pair,1,all,12,4, ,-200.0,-200.0,-200.0,-200.0,-200.0
Average Crosstalk per pair,1,all,4,12, ,-200.0,-200.0,-200.0,-200.0,-200.0
Average Crosstalk per pair,1,all,5,2, ,-200.0,-200.0,-200.0,-200.0,-200.0
Average Crosstalk per pair,1,all,3,2, ,-200.0,-200.0,-200.0,-200.0,-200.0
Average Crosstalk per pair,1,all,12,9, ,-200.0,-200.0,-200.0,-200.0,-200.0
Average Crosstalk per pair,1,all,10,13, ,-200.0,-200.0,-200.0,-200.0,-200.0
Average Crosstalk per pair,1,all,1,8, ,-200.0,-200.0,-200.0,-200.0,-200.0
Average Crosstalk per pair,1,all,3,9, ,-200.0,-200.0,-200.0,-200.0,-200.0
Average Crosstalk per pair,1,all,11,6, ,-200.0,-200.0,-200.0,-200.0,-200.0
Average Crosstalk per pair,1,all,9,6, ,-200.0,-200.0,-200.0,-200.0,-200.0
Average Crosstalk per pair,1,all,10,12, ,-200.0,-200.0,-200.0,-200.0,-200.0
Average Crosstalk per pair,1,all,4,14, ,-200.0,-200.0,-200.0,-200.0,-200.0
Average Crosstalk per pair,1,all,14,13, ,-200.0,-200.0,-200.0,-200.0,-200.0
Average Crosstalk per pair,1,all,11,5, ,-200.0,-200.0,-200.0,-200.0,-200.0
Average Crosstalk per pair,1,all,2,11, ,-200.0,-200.0,-200.0,-200.0,-200.0
Average Crosstalk per pair,1,all,14,12, ,-200.0,-200.0,-200.0,-200.0,-200.0
Average Crosstalk per pair,1,all,1,4, ,-200.0,-200.0,-200.0,-200.0,-200.0
Average Crosstalk per pair,1,all,3,13, ,-200.0,-200.0,-200.0,-200.0,-200.0
Average Crosstalk per pair,1,all,3,7, ,-200.0,-200.0,-200.0,-200.0,-200.0
Average Crosstalk per pair,1,all,10,5, ,-200.0,-200.0,-200.0,-200.0,-200.0
Average Crosstalk per pair,1,all,2,4, ,-200.0,-200.0,-200.0,-200.0,-200.0
Average Crosstalk per pair,1,all,4,2, ,-200.0,-200.0,-200.0,-200.0,-200.0
Average Crosstalk per pair,1,all,3,10, ,-200.0,-200.0,-200.0,-200.0,-200.0
Average Crosstalk per pair,1,all,5,11, ,-200.0,-200.0,-200.0,-200.0,-200.0
Average Crosstalk per pair,1,all,2,14, ,-200.0,-200.0,-200.0,-200.0,-200.0
Average Crosstalk per pair,1,all,10,2, ,-200.0,-200.0,-200.0,-200.0,-200.0
Average Crosstalk per pair,1,all,2,1, ,-200.0,-200.0,-200.0,-200.0,-200.0
Average Crosstalk per pair,1,all,8,2, ,-200.0,-200.0,-200.0,-200.0,-200.0
Average Crosstalk per pair,1,all,10,14, ,-200.0,-200.0,-200.0,-200.0,-200.0
Average Crosstalk per pair,1,all,7,2, ,-200.0,-200.0,-200.0,-200.0,-200.0
Average Crosstalk per pair,1,all,11,14, ,-200.0,-200.0,-200.0,-200.0,-200.0
Average Crosstalk per pair,1,all,7,13, ,-200.0,-200.0,-200.0,-200.0,-200.0
Average Crosstalk per pair,1,all,3,12, ,-200.0,-200.0,-200.0,-200.0,-200.0
Average Crosstalk per pair,1,all,13,12, ,-200.0,-200.0,-200.0,-200.0,-200.0
Average Crosstalk per pair,1,all,7,5, ,-200.0,-200.0,-200.0,-200.0,-200.0
Average Crosstalk per pair,1,all,4,7, ,-200.0,-200.0,-200.0,-200.0,-200.0
Average Crosstalk per pair,1,all,6,8, ,-200.0,-200.0,-200.0,-200.0,-200.0
Average Crosstalk per pair,1,all,13,5, ,-200.0,-200.0,-200.0,-200.0,-200.0
Average Crosstalk per pair,1,all,5,14, ,-200.0,-200.0,-200.0,-200.0,-200.0
Average Crosstalk per pair,1,all,1,14, ,-200.0,-200.0,-200.0,-200.0,-200.0
Average Crosstalk per pair,1,all,6,2, ,-200.0,-200.0,-200.0,-200.0,-200.0
Average Crosstalk per pair,1,all,3,5, ,-200.0,-200.0,-200.0,-200.0,-200.0
Average Crosstalk per pair,1,all,6,3, ,-200.0,-200.0,-200.0,-200.0,-200.0
Average Crosstalk per pair,1,all,7,11, ,-200.0,-200.0,-200.0,-200.0,-200.0
Average Crosstalk per pair,1,all,11,7, ,-200.0,-200.0,-200.0,-200.0,-200.0
Average Crosstalk per pair,1,all,10,7, ,-200.0,-200.0,-200.0,-200.0,-200.0
Average Crosstalk per pair,1,all,6,14, ,-200.0,-200.0,-200.0,-200.0,-200.0
Average Crosstalk per pair,1,all,6,12, ,-200.0,-200.0,-200.0,-200.0,-200.0
Average Crosstalk per pair,1,all,13,4, ,-200.0,-200.0,-200.0,-200.0,-200.0
Average Crosstalk per pair,1,all,12,13, ,-200.0,-200.0,-200.0,-200.0,-200.0
Average Crosstalk per pair,1,all,6,4, ,-200.0,-200.0,-200.0,-200.0,-200.0
Average Crosstalk per pair,1,all,14,4, ,-200.0,-200.0,-200.0,-200.0,-200.0
Average Crosstalk per pair,1,all,9,12, ,-200.0,-200.0,-200.0,-200.0,-200.0
Average Crosstalk per pair,1,all,10,1, ,-200.0,-200.0,-200.0,-200.0,-200.0
Average Crosstalk per pair,1,all,9,7, ,-200.0,-200.0,-200.0,-200.0,-200.0
Average Crosstalk per pair,1,all,11,13, ,-200.0,-200.0,-200.0,-200.0,-200.0
Average Crosstalk per pair,1,all,13,10, ,-200.0,-200.0,-200.0,-200.0,-200.0
Average Crosstalk per pair,1,all,14,7, ,-200.0,-200.0,-200.0,-200.0,-200.0
Average Crosstalk per pair,1,all,5,12, ,-200.0,-200.0,-200.0,-200.0,-200.0
Average Crosstalk per pair,1,all,13,2, ,-200.0,-200.0,-200.0,-200.0,-200.0
Average Crosstalk per pair,1,all,3,1, ,-200.0,-200.0,-200.0,-200.0,-200.0
Average Crosstalk per pair,1,all,2,13, ,-199.67651730545737,-200.0,-200.0,-200.0,-200.0
Average Crosstalk per pair,1,all,8,11, ,-200.0,-200.0,-200.0,-200.0,-200.0
Average Crosstalk per pair,1,all,6,11, ,-200.0,-200.0,-200.0,-200.0,-200.0
Average Crosstalk per pair,1,all,13,3, ,-200.0,-200.0,-200.0,-200.0,-200.0
Average Crosstalk per pair,1,all,1,3, ,-200.0,-200.0,-200.0,-200.0,-200.0
Average Crosstalk per pair,1,all,12,6, ,-200.0,-200.0,-200.0,-200.0,-200.0
Average Crosstalk per pair,1,all,6,10, ,-200.0,-200.0,-200.0,-200.0,-200.0
Average Crosstalk per pair,1,all,7,4, ,-200.0,-200.0,-200.0,-200.0,-200.0
Average Crosstalk per pair,1,all,13,1, ,-200.0,-200.0,-200.0,-200.0,-200.0
Average Crosstalk per pair,1,all,1,10, ,-200.0,-200.0,-200.0,-200.0,-200.0
Average Crosstalk per pair,1,all,5,7, ,-200.0,-200.0,-200.0,-200.0,-200.0
Average Crosstalk per pair,1,all,14,2, ,-200.0,-200.0,-200.0,-200.0,-200.0
Average Crosstalk per pair,1,all,1,9, ,-200.0,-200.0,-200.0,-200.0,-200.0
Average Crosstalk per pair,1,all,13,11, ,-200.0,-200.0,-200.0,-200.0,-200.0
Average Crosstalk per pair,1,all,10,6, ,-200.0,-200.0,-200.0,-200.0,-200.0
Average Crosstalk per pair,1,all,11,2, ,-200.0,-200.0,-200.0,-200.0,-200.0
Average Crosstalk per pair,1,all,12,5, ,-200.0,-200.0,-200.0,-200.0,-200.0
Average Crosstalk per pair,1,all,8,10, ,-200.0,-200.0,-200.0,-200.0,-200.0
Average Crosstalk per pair,1,all,4,1, ,-200.0,-200.0,-200.0,-200.0,-200.0
Average Crosstalk per pair,1,all,5,1, ,-200.0,-200.0,-200.0,-200.0,-200.0
Average Crosstalk per pair,1,all,1,2, ,-200.0,-200.0,-200.0,-200.0,-200.0
Average Crosstalk per pair,1,all,8,13, ,-200.0,-200.0,-200.0,-200.0,-200.0
Average Crosstalk per pair,1,all,10,9, ,-200.0,-200.0,-200.0,-200.0,-200.0
Average Crosstalk per pair,1,all,2,5, ,-200.0,-200.0,-200.0,-200.0,-200.0
Average Crosstalk per pair,1,all,8,14, ,-200.0,-200.0,-200.0,-200.0,-200.0
Average Crosstalk per pair,1,all,5,10, ,-200.0,-200.0,-200.0,-200.0,-200.0
Average Crosstalk per pair,1,all,5,4, ,-200.0,-200.0,-200.0,-200.0,-200.0
Average Crosstalk per pair,1,all,7,10, ,-200.0,-200.0,-200.0,-200.0,-200.0
Average Crosstalk per pair,1,all,14,3, ,-200.0,-200.0,-200.0,-200.0,-200.0
Average Crosstalk per pair,1,all,8,1, ,-200.0,-200.0,-200.0,-200.0,-200.0
Average Crosstalk per pair,1,all,12,10, ,-200.0,-200.0,-200.0,-200.0,-200.0
Average Crosstalk per pair,1,all,8,7, ,-200.0,-200.0,-200.0,-200.0,-200.0
Average Crosstalk per pair,1,all,3,6, ,-200.0,-200.0,-200.0,-200.0,-200.0
Average Crosstalk per pair,1,all,7,3, ,-200.0,-200.0,-200.0,-200.0,-200.0
Average Crosstalk per pair,1,all,8,12, ,-200.0,-200.0,-200.0,-200.0,-200.0
Average Crosstalk per pair,1,all,11,12, ,-200.0,-200.0,-200.0,-200.0,-200.0
Average Crosstalk per pair,1,all,5,6, ,-200.0,-200.0,-200.0,-200.0,-200.0
Average Crosstalk per pair,1,all,7,12, ,-200.0,-200.0,-200.0,-200.0,-200.0
Average Crosstalk per pair,1,all,9,10, ,-200.0,-200.0,-200.0,-200.0,-200.0
Average Crosstalk per pair,1,all,8,9, ,-200.0,-200.0,-200.0,-200.0,-200.0
Average Crosstalk per pair,1,all,8,5, ,-200.0,-200.0,-200.0,-200.0,-200.0
Average Crosstalk per pair,1,all,14,5, ,-200.0,-200.0,-200.0,-200.0,-200.0
Average Crosstalk per pair,1,all,13,7, ,-200.0,-200.0,-200.0,-200.0,-200.0
Average Crosstalk per pair,1,all,5,9, ,-200.0,-200.0,-200.0,-200.0,-200.0
Average Crosstalk per pair,1,all,13,9, ,-200.0,-200.0,-200.0,-200.0,-200.0
Average Crosstalk per pair,1,all,9,13, ,-200.0,-200.0,-200.0,-200.0,-200.0
Average Crosstalk per pair,1,all,13,14, ,-200.0,-200.0,-200.0,-200.0,-200.0
Average Crosstalk per pair,1,all,11,3, ,-200.0,-200.0,-200.0,-200.0,-200.0
Average Crosstalk per pair,1,all,12,1, ,-200.0,-200.0,-200.0,-200.0,-200.0
Average Crosstalk per pair,1,all,9,8, ,-200.0,-200.0,-200.0,-200.0,-200.0
Average Crosstalk per pair,1,all,12,2, ,-200.0,-200.0,-200.0,-200.0,-200.0
Average Crosstalk per pair,1,all,6,7, ,-200.0,-200.0,-200.0,-200.0,-200.0
Average Crosstalk per pair,1,all,9,4, ,-200.0,-200.0,-200.0,-200.0,-200.0
Average Crosstalk per pair,1,all,6,13, ,-200.0,-200.0,-200.0,-200.0,-200.0
Average Crosstalk per pair,1,all,14,11, ,-200.0,-200.0,-200.0,-200.0,-200.0
Average Crosstalk per pair,1,all,3,8, ,-200.0,-200.0,-200.0,-200.0,-200.0
Average Crosstalk per pair,1,all,11,8, ,-200.0,-200.0,-200.0,-200.0,-200.0
Average Crosstalk per pair,1,all,2,9, ,-200.0,-200.0,-200.0,-200.0,-200.0
Average Crosstalk per pair,1,all,5,3, ,-200.0,-200.0,-200.0,-200.0,-200.0
Average Crosstalk per pair,1,all,7,6, ,-200.0,-200.0,-200.0,-200.0,-200.0
Average Crosstalk per pair,1,all,14,1, ,-200.0,-200.0,-200.0,-200.0,-200.0
Average Crosstalk per pair,1,all,11,1, ,-200.0,-200.0,-200.0,-200.0,-200.0
Average Crosstalk per pair,1,all,12,14, ,-200.0,-200.0,-200.0,-200.0,-200.0
Average Crosstalk per pair,1,all,4,11, ,-200.0,-200.0,-200.0,-200.0,-200.0
Average Crosstalk per pair,1,all,7,14, ,-200.0,-200.0,-200.0,-200.0,-200.0
Average Crosstalk per pair,1,all,12,7, ,-200.0,-200.0,-200.0,-200.0,-200.0
Average Crosstalk per pair,1,all,10,8, ,-200.0,-200.0,-200.0,-200.0,-200.0
Average Crosstalk per pair,1,all,4,13, ,-200.0,-200.0,-200.0,-200.0,-200.0
Average Crosstalk per pair,1,all,1,12, ,-200.0,-200.0,-200.0,-200.0,-200.0
Average Crosstalk per pair,1,all,3,4, ,-200.0,-200.0,-200.0,-200.0,-200.0
Average Crosstalk per pair,1,all,9,11, ,-200.0,-200.0,-200.0,-200.0,-200.0
Average Crosstalk per pair,1,all,12,8, ,-200.0,-200.0,-200.0,-200.0,-200.0
Average Crosstalk per pair,1,all,14,6, ,-200.0,-200.0,-200.0,-200.0,-200.0
Average Crosstalk per pair,1,all,4,3, ,-200.0,-200.0,-200.0,-200.0,-200.0
Average Crosstalk per pair,1,all,9,3, ,-200.0,-200.0,-200.0,-200.0,-200.0
Average Crosstalk per pair,1,all,9,1, ,-200.0,-200.0,-200.0,-200.0,-200.0
Average Crosstalk per pair,1,all,4,9, ,-200.0,-200.0,-200.0,-200.0,-200.0
Average Crosstalk per pair,1,all,9,5, ,-200.0,-200.0,-200.0,-200.0,-200.0
Average Crosstalk per pair,1,all,13,6, ,-200.0,-200.0,-200.0,-200.0,-200.0
Average Crosstalk per pair,1,all,2,10, ,-200.0,-200.0,-200.0,-200.0,-200.0
Average Crosstalk per pair,1,all,11,10, ,-200.0,-200.0,-200.0,-200.0,-200.0
Average Crosstalk per pair,1,all,12,11, ,-200.0,-200.0,-200.0,-200.0,-200.0
Average Crosstalk per pair,1,all,1,13, ,-200.0,-200.0,-200.0,-200.0,-200.0
Average Crosstalk per pair,1,all,11,4, ,-200.0,-200.0,-200.0,-200.0,-200.0
Average Crosstalk per pair,1,all,14,9, ,-200.0,-200.0,-200.0,-200.0,-200.0
Average Crosstalk per pair,1,all,1,11, ,-200.0,-200.0,-200.0,-200.0,-200.0
Average Crosstalk per pair,1,all,6,1, ,-200.0,-200.0,-200.0,-200.0,-200.0
Average Crosstalk per pair,1,all,12,3, ,-200.0,-200.0,-200.0,-200.0,-200.0
Average Crosstalk per pair,1,all,5,8, ,-200.0,-200.0,-200.0,-200.0,-200.0
Average Crosstalk per pair,1,all,1,5, ,-200.0,-200.0,-200.0,-200.0,-200.0
Average Crosstalk per pair,1,all,8,6, ,-200.0,-200.0,-200.0,-200.0,-200.0
Average Crosstalk per pair,1,all,7,1, ,-200.0,-200.0,-200.0,-200.0,-200.0
Average Crosstalk per pair,1,all,13,8, ,-200.0,-200.0,-200.0,-200.0,-200.0
Average Crosstalk per pair,2,all,1,6, ,-200.0,-200.0,-200.0,-200.0,-200.0
Average Crosstalk per pair,2,all,8,3, ,-200.0,-200.0,-200.0,-200.0,-200.0
Average Crosstalk per pair,2,all,6,9, ,-200.0,-200.0,-200.0,-200.0,-200.0
Average Crosstalk per pair,2,all,1,7, ,-200.0,-200.0,-200.0,-200.0,-200.0
Average Crosstalk per pair,2,all,4,6, ,-200.0,-200.0,-200.0,-200.0,-200.0
Average Crosstalk per pair,2,all,2,12, ,-200.0,-200.0,-200.0,-200.0,-199.67045590508582
Average Crosstalk per pair,2,all,7,9, ,-200.0,-200.0,-200.0,-200.0,-200.0
Average Crosstalk per pair,2,all,2,3, ,-200.0,-200.0,-200.0,-200.0,-200.0
Average Crosstalk per pair,2,all,3,14, ,-200.0,-200.0,-200.0,-200.0,-200.0
Average Crosstalk per pair,2,all,4,10, ,-200.0,-200.0,-200.0,-200.0,-200.0
Average Crosstalk per pair,2,all,3,11, ,-200.0,-200.0,-200.0,-200.0,-200.0
Average Crosstalk per pair,2,all,4,5, ,-200.0,-200.0,-200.0,-200.0,-200.0
Average Crosstalk per pair,2,all,10,4, ,-200.0,-200.0,-200.0,-200.0,-200.0
Average Crosstalk per pair,2,all,14,8, ,-200.0,-200.0,-200.0,-200.0,-200.0
Average Crosstalk per pair,2,all,2,6, ,-200.0,-200.0,-200.0,-200.0,-200.0
Average Crosstalk per pair,2,all,5,13, ,-200.0,-200.0,-200.0,-200.0,-200.0
Average Crosstalk per pair,2,all,10,11, ,-200.0,-200.0,-200.0,-200.0,-200.0
Average Crosstalk per pair,2,all,6,5, ,-200.0,-200.0,-200.0,-200.0,-200.0
Average Crosstalk per pair,2,all,7,8, ,-200.0,-200.0,-200.0,-200.0,-200.0
Average Crosstalk per pair,2,all,14,10, ,-200.0,-200.0,-200.0,-200.0,-200.0
Average Crosstalk per pair,2,all,11,9, ,-200.0,-200.0,-200.0,-200.0,-200.0
Average Crosstalk per pair,2,all,8,4, ,-200.0,-200.0,-200.0,-200.0,-200.0
Average Crosstalk per pair,2,all,2,8, ,-200.0,-200.0,-200.0,-200.0,-200.0
Average Crosstalk per pair,2,all,2,7, ,-200.0,-200.0,-200.0,-200.0,-200.0
Average Crosstalk per pair,2,all,4,8, ,-200.0,-200.0,-200.0,-200.0,-200.0
Average Crosstalk per pair,2,all,9,14, ,-200.0,-200.0,-200.0,-200.0,-200.0
Average Crosstalk per pair,2,all,9,2, ,-200.0,-200.0,-200.0,-200.0,-200.0
Average Crosstalk per pair,2,all,10,3, ,-200.0,-200.0,-200.0,-200.0,-200.0
Average Crosstalk per pair,2,all,12,4, ,-200.0,-200.0,-200.0,-200.0,-200.0
Average Crosstalk per pair,2,all,4,12, ,-200.0,-200.0,-200.0,-200.0,-200.0
Average Crosstalk per pair,2,all,5,2, ,-200.0,-200.0,-200.0,-200.0,-200.0
Average Crosstalk per pair,2,all,3,2, ,-200.0,-200.0,-200.0,-200.0,-200.0
Average Crosstalk per pair,2,all,12,9, ,-200.0,-200.0,-200.0,-200.0,-200.0
Average Crosstalk per pair,2,all,10,13, ,-200.0,-200.0,-200.0,-200.0,-200.0
Average Crosstalk per pair,2,all,1,8, ,-200.0,-200.0,-200.0,-200.0,-200.0
Average Crosstalk per pair,2,all,3,9, ,-200.0,-200.0,-200.0,-200.0,-200.0
Average Crosstalk per pair,2,all,11,6, ,-200.0,-200.0,-200.0,-200.0,-200.0
Average Crosstalk per pair,2,all,9,6, ,-200.0,-200.0,-200.0,-200.0,-200.0
Average Crosstalk per pair,2,all,10,12, ,-200.0,-200.0,-200.0,-200.0,-200.0
Average Crosstalk per pair,2,all,4,14, ,-200.0,-200.0,-200.0,-200.0,-200.0
Average Crosstalk per pair,2,all,14,13, ,-200.0,-200.0,-200.0,-200.0,-200.0
Average Crosstalk per pair,2,all,11,5, ,-200.0,-200.0,-200.0,-200.0,-200.0
Average Crosstalk per pair,2,all,2,11, ,-200.0,-200.0,-199.67399321674333,-200.0,-200.0
Average Crosstalk per pair,2,all,14,12, ,-200.0,-200.0,-200.0,-200.0,-200.0
Average Crosstalk per pair,2,all,1,4, ,-200.0,-200.0,-200.0,-200.0,-200.0
Average Crosstalk per pair,2,all,3,13, ,-200.0,-200.0,-200.0,-200.0,-200.0
Average Crosstalk per pair,2,all,3,7, ,-200.0,-200.0,-200.0,-200.0,-200.0
Average Crosstalk per pair,2,all,10,5, ,-200.0,-200.0,-200.0,-200.0,-200.0
Average Crosstalk per pair,2,all,2,4, ,-200.0,-200.0,-200.0,-200.0,-200.0
Average Crosstalk per pair,2,all,4,2, ,-200.0,-200.0,-200.0,-200.0,-200.0
Average Crosstalk per pair,2,all,3,10, ,-200.0,-200.0,-200.0,-200.0,-200.0
Average Crosstalk per pair,2,all,5,11, ,-200.0,-200.0,-200.0,-200.0,-200.0
Average Crosstalk per pair,2,all,2,14, ,-200.0,-199.66943409557894,-200.0,-200.0,-199.6700601358388
Average Crosstalk per pair,2,all,10,2, ,-200.0,-200.0,-200.0,-200.0,-200.0
Average Crosstalk per pair,2,all,2,1, ,-200.0,-200.0,-200.0,-200.0,-200.0
Average Crosstalk per pair,2,all,8,2, ,-200.0,-200.0,-200.0,-200.0,-200.0
Average Crosstalk per pair,2,all,10,14, ,-200.0,-200.0,-200.0,-200.0,-200.0
Average Crosstalk per pair,2,all,7,2, ,-200.0,-200.0,-200.0,-200.0,-200.0
Average Crosstalk per pair,2,all,11,14, ,-200.0,-200.0,-200.0,-200.0,-200.0
Average Crosstalk per pair,2,all,7,13, ,-200.0,-200.0,-200.0,-200.0,-200.0
Average Crosstalk per pair,2,all,3,12, ,-200.0,-200.0,-200.0,-200.0,-200.0
Average Crosstalk per pair,2,all,13,12, ,-200.0,-200.0,-200.0,-200.0,-200.0
Average Crosstalk per pair,2,all,7,5, ,-200.0,-200.0,-200.0,-200.0,-200.0
Average Crosstalk per pair,2,all,4,7, ,-200.0,-200.0,-200.0,-200.0,-200.0
Average Crosstalk per pair,2,all,6,8, ,-200.0,-200.0,-200.0,-200.0,-200.0
Average Crosstalk per pair,2,all,13,5, ,-200.0,-200.0,-200.0,-200.0,-200.0
Average Crosstalk per pair,2,all,5,14, ,-200.0,-200.0,-200.0,-200.0,-200.0
Average Crosstalk per pair,2,all,1,14, ,-200.0,-199.68988934269382,-200.0,-200.0,-200.0
Average Crosstalk per pair,2,all,6,2, ,-200.0,-200.0,-200.0,-200.0,-200.0
Average Crosstalk per pair,2,all,3,5, ,-200.0,-200.0,-200.0,-200.0,-200.0
Average Crosstalk per pair,2,all,6,3, ,-200.0,-200.0,-200.0,-200.0,-200.0
Average Crosstalk per pair,2,all,7,11, ,-200.0,-200.0,-200.0,-200.0,-200.0
Average Crosstalk per pair,2,all,11,7, ,-200.0,-200.0,-200.0,-200.0,-200.0
Average Crosstalk per pair,2,all,10,7, ,-200.0,-200.0,-200.0,-200.0,-200.0
Average Crosstalk per pair,2,all,6,14, ,-200.0,-200.0,-200.0,-200.0,-200.0
Average Crosstalk per pair,2,all,6,12, ,-200.0,-200.0,-200.0,-200.0,-200.0
Average Crosstalk per pair,2,all,13,4, ,-200.0,-200.0,-200.0,-200.0,-200.0
Average Crosstalk per pair,2,all,12,13, ,-200.0,-200.0,-200.0,-200.0,-200.0
Average Crosstalk per pair,2,all,6,4, ,-200.0,-200.0,-200.0,-200.0,-200.0
Average Crosstalk per pair,2,all,14,4, ,-200.0,-200.0,-200.0,-200.0,-200.0
Average Crosstalk per pair,2,all,9,12, ,-200.0,-200.0,-200.0,-200.0,-200.0
Average Crosstalk per pair,2,all,10,1, ,-200.0,-200.0,-200.0,-200.0,-200.0
Average Crosstalk per pair,2,all,9,7, ,-200.0,-200.0,-200.0,-200.0,-200.0
Average Crosstalk per pair,2,all,11,13, ,-200.0,-200.0,-200.0,-200.0,-200.0
Average Crosstalk per pair,2,all,13,10, ,-200.0,-200.0,-200.0,-200.0,-200.0
Average Crosstalk per pair,2,all,14,7, ,-200.0,-200.0,-200.0,-200.0,-200.0
Average Crosstalk per pair,2,all,5,12, ,-200.0,-200.0,-200.0,-200.0,-200.0
Average Crosstalk per pair,2,all,13,2, ,-200.0,-200.0,-200.0,-200.0,-200.0
Average Crosstalk per pair,2,all,3,1, ,-200.0,-200.0,-200.0,-200.0,-200.0
Average Crosstalk per pair,2,all,2,13, ,-200.0,-200.0,-199.67861475204407,-200.0,-200.0
Average Crosstalk per pair,2,all,8,11, ,-200.0,-200.0,-200.0,-200.0,-200.0
Average Crosstalk per pair,2,all,6,11, ,-200.0,-200.0,-200.0,-200.0,-200.0
Average Crosstalk per pair,2,all,13,3, ,-200.0,-200.0,-200.0,-200.0,-200.0
Average Crosstalk per pair,2,all,1,3, ,-200.0,-200.0,-200.0,-200.0,-200.0
Average Crosstalk per pair,2,all,12,6, ,-200.0,-200.0,-200.0,-200.0,-200.0
Average Crosstalk per pair,2,all,6,10, ,-200.0,-200.0,-200.0,-200.0,-200.0
Average Crosstalk per pair,2,all,7,4, ,-200.0,-200.0,-200.0,-200.0,-200.0
Average Crosstalk per pair,2,all,13,1, ,-200.0,-200.0,-200.0,-200.0,-200.0
Average Crosstalk per pair,2,all,1,10, ,-200.0,-200.0,-200.0,-200.0,-200.0
Average Crosstalk per pair,2,all,5,7, ,-200.0,-200.0,-200.0,-200.0,-200.0
Average Crosstalk per pair,2,all,14,2, ,-199.68741855797012,-200.0,-199.7052099348906,-200.0,-200.0
Average Crosstalk per pair,2,all,1,9, ,-200.0,-200.0,-200.0,-200.0,-200.0
Average Crosstalk per pair,2,all,13,11, ,-200.0,-200.0,-200.0,-200.0,-200.0
Average Crosstalk per pair,2,all,10,6, ,-200.0,-200.0,-200.0,-200.0,-200.0
Average Crosstalk per pair,2,all,11,2, ,-200.0,-200.0,-200.0,-200.0,-200.0
Average Crosstalk per pair,2,all,12,5, ,-200.0,-200.0,-200.0,-200.0,-200.0
Average Crosstalk per pair,2,all,8,10, ,-200.0,-200.0,-200.0,-200.0,-200.0
Average Crosstalk per pair,2,all,4,1, ,-200.0,-200.0,-200.0,-200.0,-200.0
Average Crosstalk per pair,2,all,5,1, ,-200.0,-200.0,-200.0,-200.0,-200.0
Average Crosstalk per pair,2,all,1,2, ,-200.0,-200.0,-200.0,-200.0,-200.0
Average Crosstalk per pair,2,all,8,13, ,-200.0,-200.0,-200.0,-200.0,-200.0
Average Crosstalk per pair,2,all,10,9, ,-200.0,-200.0,-200.0,-200.0,-200.0
Average Crosstalk per pair,2,all,2,5, ,-200.0,-200.0,-200.0,-200.0,-200.0
Average Crosstalk per pair,2,all,8,14, ,-200.0,-200.0,-200.0,-200.0,-200.0
Average Crosstalk per pair,2,all,5,10, ,-200.0,-200.0,-200.0,-200.0,-200.0
Average Crosstalk per pair,2,all,5,4, ,-200.0,-200.0,-200.0,-200.0,-200.0
Average Crosstalk per pair,2,all,7,10, ,-200.0,-200.0,-200.0,-200.0,-200.0
Average Crosstalk per pair,2,all,14,3, ,-200.0,-200.0,-200.0,-200.0,-200.0
Average Crosstalk per pair,2,all,8,1, ,-200.0,-200.0,-200.0,-200.0,-200.0
Average Crosstalk per pair,2,all,12,10, ,-200.0,-200.0,-200.0,-200.0,-200.0
Average Crosstalk per pair,2,all,8,7, ,-200.0,-200.0,-200.0,-200.0,-200.0
Average Crosstalk per pair,2,all,3,6, ,-200.0,-200.0,-200.0,-200.0,-200.0
Average Crosstalk per pair,2,all,7,3, ,-200.0,-200.0,-200.0,-200.0,-200.0
Average Crosstalk per pair,2,all,8,12, ,-200.0,-200.0,-200.0,-200.0,-200.0
Average Crosstalk per pair,2,all,11,12, ,-200.0,-200.0,-200.0,-200.0,-200.0
Average Crosstalk per pair,2,all,5,6, ,-200.0,-200.0,-200.0,-200.0,-200.0
Average Crosstalk per pair,2,all,7,12, ,-200.0,-200.0,-200.0,-200.0,-200.0
Average Crosstalk per pair,2,all,9,10, ,-200.0,-200.0,-200.0,-200.0,-200.0
Average Crosstalk per pair,2,all,8,9, ,-200.0,-200.0,-200.0,-200.0,-200.0
Average Crosstalk per pair,2,all,8,5, ,-200.0,-200.0,-200.0,-200.0,-200.0
Average Crosstalk per pair,2,all,14,5, ,-200.0,-200.0,-200.0,-200.0,-200.0
Average Crosstalk per pair,2,all,13,7, ,-200.0,-200.0,-200.0,-200.0,-200.0
Average Crosstalk per pair,2,all,5,9, ,-200.0,-200.0,-200.0,-200.0,-200.0
Average Crosstalk per pair,2,all,13,9, ,-200.0,-200.0,-200.0,-200.0,-200.0
Average Crosstalk per pair,2,all,9,13, ,-200.0,-200.0,-200.0,-200.0,-200.0
Average Crosstalk per pair,2,all,13,14, ,-200.0,-200.0,-200.0,-200.0,-200.0
Average Crosstalk per pair,2,all,11,3, ,-200.0,-200.0,-200.0,-200.0,-200.0
Average Crosstalk per pair,2,all,12,1, ,-200.0,-200.0,-200.0,-200.0,-200.0
Average Crosstalk per pair,2,all,9,8, ,-200.0,-200.0,-200.0,-200.0,-200.0
Average Crosstalk per pair,2,all,12,2, ,-200.0,-200.0,-200.0,-200.0,-200.0
Average Crosstalk per pair,2,all,6,7, ,-200.0,-200.0,-200.0,-200.0,-200.0
Average Crosstalk per pair,2,all,9,4, ,-200.0,-200.0,-200.0,-200.0,-200.0
Average Crosstalk per pair,2,all,6,13, ,-200.0,-200.0,-200.0,-200.0,-200.0
Average Crosstalk per pair,2,all,14,11, ,-200.0,-200.0,-200.0,-200.0,-200.0
Average Crosstalk per pair,2,all,3,8, ,-200.0,-200.0,-200.0,-200.0,-200.0
Average Crosstalk per pair,2,all,11,8, ,-200.0,-200.0,-200.0,-200.0,-200.0
Average Crosstalk per pair,2,all,2,9, ,-200.0,-200.0,-200.0,-200.0,-200.0
Average Crosstalk per pair,2,all,5,3, ,-200.0,-200.0,-200.0,-200.0,-200.0
Average Crosstalk per pair,2,all,7,6, ,-200.0,-200.0,-200.0,-200.0,-200.0
Average Crosstalk per pair,2,all,14,1, ,-200.0,-200.0,-200.0,-200.0,-200.0
Average Crosstalk per pair,2,all,11,1, ,-200.0,-200.0,-200.0,-200.0,-200.0
Average Crosstalk per pair,2,all,12,14, ,-200.0,-200.0,-200.0,-200.0,-200.0
Average Crosstalk per pair,2,all,4,11, ,-200.0,-200.0,-200.0,-200.0,-200.0
Average Crosstalk per pair,2,all,7,14, ,-200.0,-200.0,-200.0,-200.0,-200.0
Average Crosstalk per pair,2,all,12,7, ,-200.0,-200.0,-200.0,-200.0,-200.0
Average Crosstalk per pair,2,all,10,8, ,-200.0,-200.0,-200.0,-200.0,-200.0
Average Crosstalk per pair,2,all,4,13, ,-200.0,-200.0,-200.0,-200.0,-200.0
Average Crosstalk per pair,2,all,1,12, ,-200.0,-200.0,-200.0,-200.0,-200.0
Average Crosstalk per pair,2,all,3,4, ,-200.0,-200.0,-200.0,-200.0,-200.0
Average Crosstalk per pair,2,all,9,11, ,-200.0,-200.0,-200.0,-200.0,-200.0
Average Crosstalk per pair,2,all,12,8, ,-200.0,-200.0,-200.0,-200.0,-200.0
Average Crosstalk per pair,2,all,14,6, ,-200.0,-200.0,-200.0,-200.0,-200.0
Average Crosstalk per pair,2,all,4,3, ,-200.0,-200.0,-200.0,-200.0,-200.0
Average Crosstalk per pair,2,all,9,3, ,-200.0,-200.0,-200.0,-200.0,-200.0
Average Crosstalk per pair,2,all,9,1, ,-200.0,-200.0,-200.0,-200.0,-200.0
Average Crosstalk per pair,2,all,4,9, ,-200.0,-200.0,-200.0,-200.0,-200.0
Average Crosstalk per pair,2,all,9,5, ,-200.0,-200.0,-200.0,-200.0,-200.0
Average Crosstalk per pair,2,all,13,6, ,-200.0,-200.0,-200.0,-200.0,-200.0
Average Crosstalk per pair,2,all,2,10, ,-200.0,-200.0,-200.0,-200.0,-200.0
Average Crosstalk per pair,2,all,11,10, ,-200.0,-200.0,-200.0,-200.0,-200.0
Average Crosstalk per pair,2,all,12,11, ,-200.0,-200.0,-200.0,-200.0,-200.0
Average Crosstalk per pair,2,all,1,13, ,-200.0,-200.0,-200.0,-200.0,-200.0
Average Crosstalk per pair,2,all,11,4, ,-200.0,-200.0,-200.0,-200.0,-200.0
Average Crosstalk per pair,2,all,14,9, ,-200.0,-200.0,-200.0,-200.0,-200.0
Average Crosstalk per pair,2,all,1,11, ,-200.0,-200.0,-200.0,-200.0,-200.0
Average Crosstalk per pair,2,all,6,1, ,-200.0,-200.0,-200.0,-200.0,-200.0
Average Crosstalk per pair,2,all,12,3, ,-200.0,-200.0,-200.0,-200.0,-200.0
Average Crosstalk per pair,2,all,5,8, ,-200.0,-200.0,-200.0,-200.0,-200.0
Average Crosstalk per pair,2,all,1,5, ,-200.0,-200.0,-200.0,-200.0,-200.0
Average Crosstalk per pair,2,all,8,6, ,-200.0,-200.0,-200.0,-200.0,-200.0
Average Crosstalk per pair,2,all,7,1, ,-200.0,-200.0,-200.0,-200.0,-200.0
Average Crosstalk per pair,2,all,13,8, ,-200.0,-199.6979743798417,-200.0,-200.0,-200.0
Average Crosstalk per pair,3,all,1,6, ,-200.0,-200.0,-200.0,-200.0,-200.0
Average Crosstalk per pair,3,all,8,3, ,-200.0,-200.0,-200.0,-200.0,-200.0
Average Crosstalk per pair,3,all,6,9, ,-200.0,-200.0,-200.0,-200.0,-200.0
Average Crosstalk per pair,3,all,1,7, ,-200.0,-200.0,-200.0,-200.0,-200.0
Average Crosstalk per pair,3,all,4,6, ,-200.0,-200.0,-200.0,-200.0,-200.0
Average Crosstalk per pair,3,all,2,12, ,-199.67287660912393,-199.6855704378108,-200.0,-200.0,-199.6851212343363
Average Crosstalk per pair,3,all,7,9, ,-200.0,-200.0,-200.0,-200.0,-200.0
Average Crosstalk per pair,3,all,2,3, ,-200.0,-200.0,-200.0,-200.0,-200.0
Average Crosstalk per pair,3,all,3,14, ,-200.0,-200.0,-200.0,-200.0,-200.0
Average Crosstalk per pair,3,all,4,10, ,-200.0,-200.0,-200.0,-200.0,-200.0
Average Crosstalk per pair,3,all,3,11, ,-200.0,-200.0,-200.0,-200.0,-200.0
Average Crosstalk per pair,3,all,4,5, ,-200.0,-200.0,-200.0,-200.0,-200.0
Average Crosstalk per pair,3,all,10,4, ,-200.0,-200.0,-200.0,-200.0,-200.0
Average Crosstalk per pair,3,all,14,8, ,-200.0,-200.0,-200.0,-200.0,-200.0
Average Crosstalk per pair,3,all,2,6, ,-200.0,-200.0,-200.0,-200.0,-200.0
Average Crosstalk per pair,3,all,5,13, ,-200.0,-200.0,-200.0,-200.0,-200.0
Average Crosstalk per pair,3,all,10,11, ,-200.0,-200.0,-200.0,-200.0,-200.0
Average Crosstalk per pair,3,all,6,5, ,-200.0,-200.0,-200.0,-200.0,-200.0
Average Crosstalk per pair,3,all,7,8, ,-200.0,-200.0,-200.0,-200.0,-200.0
Average Crosstalk per pair,3,all,14,10, ,-200.0,-200.0,-200.0,-200.0,-200.0
Average Crosstalk per pair,3,all,11,9, ,-200.0,-200.0,-200.0,-200.0,-200.0
Average Crosstalk per pair,3,all,8,4, ,-200.0,-200.0,-200.0,-200.0,-200.0
Average Crosstalk per pair,3,all,2,8, ,-200.0,-200.0,-200.0,-200.0,-200.0
Average Crosstalk per pair,3,all,2,7, ,-200.0,-200.0,-200.0,-200.0,-200.0
Average Crosstalk per pair,3,all,4,8, ,-200.0,-200.0,-200.0,-200.0,-200.0
Average Crosstalk per pair,3,all,9,14, ,-200.0,-200.0,-200.0,-200.0,-200.0
Average Crosstalk per pair,3,all,9,2, ,-199.3830614967007,-199.66832294054163,-199.07601527721573,-199.68283998384436,-198.48896269574288
Average Crosstalk per pair,3,all,10,3, ,-200.0,-200.0,-200.0,-200.0,-200.0
Average Crosstalk per pair,3,all,12,4, ,-200.0,-200.0,-200.0,-200.0,-200.0
Average Crosstalk per pair,3,all,4,12, ,-200.0,-200.0,-200.0,-200.0,-200.0
Average Crosstalk per pair,3,all,5,2, ,-200.0,-200.0,-200.0,-200.0,-200.0
Average Crosstalk per pair,3,all,3,2, ,-200.0,-200.0,-200.0,-200.0,-200.0
Average Crosstalk per pair,3,all,12,9, ,-200.0,-200.0,-200.0,-200.0,-200.0
Average Crosstalk per pair,3,all,10,13, ,-200.0,-200.0,-200.0,-200.0,-200.0
Average Crosstalk per pair,3,all,1,8, ,-200.0,-200.0,-200.0,-200.0,-200.0
Average Crosstalk per pair,3,all,3,9, ,-200.0,-200.0,-200.0,-200.0,-200.0
Average Crosstalk per pair,3,all,11,6, ,-200.0,-200.0,-200.0,-200.0,-200.0
Average Crosstalk per pair,3,all,9,6, ,-200.0,-200.0,-200.0,-200.0,-200.0
Average Crosstalk per pair,3,all,10,12, ,-200.0,-200.0,-200.0,-200.0,-200.0
Average Crosstalk per pair,3,all,4,14, ,-200.0,-200.0,-200.0,-200.0,-200.0
Average Crosstalk per pair,3,all,14,13, ,-200.0,-200.0,-200.0,-200.0,-200.0
Average Crosstalk per pair,3,all,11,5, ,-200.0,-200.0,-200.0,-200.0,-200.0
Average Crosstalk per pair,3,all,2,11, ,-199.6814608631219,-200.0,-199.7028337910104,-199.6889294464382,-200.0
Average Crosstalk per pair,3,all,14,12, ,-200.0,-200.0,-200.0,-200.0,-200.0
Average Crosstalk per pair,3,all,1,4, ,-200.0,-200.0,-200.0,-200.0,-200.0
Average Crosstalk per pair,3,all,3,13, ,-200.0,-200.0,-200.0,-200.0,-200.0
Average Crosstalk per pair,3,all,3,7, ,-200.0,-200.0,-200.0,-200.0,-200.0
Average Crosstalk per pair,3,all,10,5, ,-200.0,-200.0,-200.0,-200.0,-200.0
Average Crosstalk per pair,3,all,2,4, ,-200.0,-200.0,-200.0,-200.0,-200.0
Average Crosstalk per pair,3,all,4,2, ,-200.0,-200.0,-200.0,-200.0,-200.0
Average Crosstalk per pair,3,all,3,10, ,-200.0,-200.0,-200.0,-200.0,-200.0
Average Crosstalk per pair,3,all,5,11, ,-200.0,-200.0,-200.0,-200.0,-200.0
Average Crosstalk per pair,3,all,2,14, ,-200.0,-198.98100809290486,-199.04495594656075,-199.37306397858214,-199.69020420828002
Average Crosstalk per pair,3,all,10,2, ,-200.0,-200.0,-200.0,-200.0,-200.0
Average Crosstalk per pair,3,all,2,1, ,-200.0,-200.0,-200.0,-200.0,-200.0
Average Crosstalk per pair,3,all,8,2, ,-200.0,-200.0,-200.0,-200.0,-200.0
Average Crosstalk per pair,3,all,10,14, ,-200.0,-200.0,-200.0,-200.0,-200.0
Average Crosstalk per pair,3,all,7,2, ,-200.0,-200.0,-200.0,-200.0,-200.0
Average Crosstalk per pair,3,all,11,14, ,-200.0,-200.0,-200.0,-200.0,-200.0
Average Crosstalk per pair,3,all,7,13, ,-200.0,-200.0,-200.0,-200.0,-200.0
Average Crosstalk per pair,3,all,3,12, ,-200.0,-200.0,-200.0,-200.0,-200.0
Average Crosstalk per pair,3,all,13,12, ,-200.0,-200.0,-200.0,-200.0,-200.0
Average Crosstalk per pair,3,all,7,5, ,-200.0,-200.0,-200.0,-200.0,-200.0
Average Crosstalk per pair,3,all,4,7, ,-200.0,-200.0,-200.0,-200.0,-200.0
Average Crosstalk per pair,3,all,6,8, ,-200.0,-200.0,-200.0,-200.0,-200.0
Average Crosstalk per pair,3,all,13,5, ,-200.0,-200.0,-199.6836615352602,-200.0,-200.0
Average Crosstalk per pair,3,all,5,14, ,-200.0,-200.0,-200.0,-200.0,-200.0
Average Crosstalk per pair,3,all,1,14, ,-200.0,-200.0,-199.01897826293043,-199.35818296207185,-199.67075808779458
Average Crosstalk per pair,3,all,6,2, ,-200.0,-200.0,-200.0,-200.0,-200.0
Average Crosstalk per pair,3,all,3,5, ,-200.0,-200.0,-200.0,-200.0,-200.0
Average Crosstalk per pair,3,all,6,3, ,-200.0,-200.0,-200.0,-200.0,-200.0
Average Crosstalk per pair,3,all,7,11, ,-200.0,-200.0,-199.69289935781055,-200.0,-200.0
Average Crosstalk per pair,3,all,11,7, ,-199.6775328204022,-200.0,-200.0,-200.0,-199.6673770408834
Average Crosstalk per pair,3,all,10,7, ,-200.0,-200.0,-200.0,-200.0,-200.0
Average Crosstalk per pair,3,all,6,14, ,-200.0,-200.0,-200.0,-200.0,-200.0
Average Crosstalk per pair,3,all,6,12, ,-200.0,-200.0,-200.0,-200.0,-200.0
Average Crosstalk per pair,3,all,13,4, ,-200.0,-200.0,-200.0,-200.0,-200.0
Average Crosstalk per pair,3,all,12,13, ,-200.0,-200.0,-200.0,-200.0,-200.0
Average Crosstalk per pair,3,all,6,4, ,-200.0,-200.0,-200.0,-200.0,-200.0
Average Crosstalk per pair,3,all,14,4, ,-200.0,-200.0,-200.0,-200.0,-199.6809167111399
Average Crosstalk per pair,3,all,9,12, ,-200.0,-200.0,-200.0,-200.0,-200.0
Average Crosstalk per pair,3,all,10,1, ,-200.0,-200.0,-200.0,-200.0,-200.0
Average Crosstalk per pair,3,all,9,7, ,-200.0,-200.0,-200.0,-200.0,-200.0
Average Crosstalk per pair,3,all,11,13, ,-200.0,-200.0,-200.0,-200.0,-200.0
Average Crosstalk per pair,3,all,13,10, ,-200.0,-200.0,-200.0,-200.0,-200.0
Average Crosstalk per pair,3,all,14,7, ,-200.0,-200.0,-200.0,-200.0,-200.0
Average Crosstalk per pair,3,all,5,12, ,-200.0,-200.0,-200.0,-200.0,-200.0
Average Crosstalk per pair,3,all,13,2, ,-200.0,-200.0,-200.0,-200.0,-199.69686053948112
Average Crosstalk per pair,3,all,3,1, ,-200.0,-200.0,-200.0,-200.0,-200.0
Average Crosstalk per pair,3,all,2,13, ,-200.0,-199.69570432525757,-200.0,-199.6677436015588,-199.65600167262994
Average Crosstalk per pair,3,all,8,11, ,-200.0,-200.0,-200.0,-200.0,-200.0
Average Crosstalk per pair,3,all,6,11, ,-200.0,-200.0,-200.0,-200.0,-200.0
Average Crosstalk per pair,3,all,13,3, ,-200.0,-200.0,-200.0,-200.0,-200.0
Average Crosstalk per pair,3,all,1,3, ,-200.0,-200.0,-200.0,-200.0,-200.0
Average Crosstalk per pair,3,all,12,6, ,-200.0,-200.0,-200.0,-200.0,-200.0
Average Crosstalk per pair,3,all,6,10, ,-200.0,-200.0,-200.0,-200.0,-200.0
Average Crosstalk per pair,3,all,7,4, ,-200.0,-200.0,-200.0,-200.0,-200.0
Average Crosstalk per pair,3,all,13,1, ,-200.0,-200.0,-200.0,-200.0,-200.0
Average Crosstalk per pair,3,all,1,10, ,-200.0,-200.0,-200.0,-200.0,-200.0
Average Crosstalk per pair,3,all,5,7, ,-200.0,-200.0,-200.0,-200.0,-200.0
Average Crosstalk per pair,3,all,14,2, ,-199.29887763196763,-199.37330543658442,-200.0,-199.6641066959125,-200.0
Average Crosstalk per pair,3,all,1,9, ,-199.66923180297894,-200.0,-200.0,-200.0,-199.68348432187406
Average Crosstalk per pair,3,all,13,11, ,-200.0,-200.0,-200.0,-200.0,-200.0
Average Crosstalk per pair,3,all,10,6, ,-200.0,-200.0,-200.0,-200.0,-200.0
Average Crosstalk per pair,3,all,11,2, ,-200.0,-200.0,-199.69293766082654,-200.0,-199.67750991082252
Average Crosstalk per pair,3,all,12,5, ,-200.0,-200.0,-200.0,-200.0,-200.0
Average Crosstalk per pair,3,all,8,10, ,-200.0,-200.0,-200.0,-200.0,-200.0
Average Crosstalk per pair,3,all,4,1, ,-200.0,-200.0,-200.0,-200.0,-200.0
Average Crosstalk per pair,3,all,5,1, ,-200.0,-200.0,-200.0,-200.0,-200.0
Average Crosstalk per pair,3,all,1,2, ,-200.0,-200.0,-200.0,-200.0,-200.0
Average Crosstalk per pair,3,all,8,13, ,-200.0,-200.0,-200.0,-200.0,-200.0
Average Crosstalk per pair,3,all,10,9, ,-200.0,-200.0,-200.0,-200.0,-200.0
Average Crosstalk per pair,3,all,2,5, ,-200.0,-200.0,-200.0,-200.0,-200.0
Average Crosstalk per pair,3,all,8,14, ,-200.0,-200.0,-200.0,-200.0,-199.69448168028015
Average Crosstalk per pair,3,all,5,10, ,-200.0,-200.0,-200.0,-200.0,-200.0
Average Crosstalk per pair,3,all,5,4, ,-200.0,-200.0,-200.0,-200.0,-200.0
Average Crosstalk per pair,3,all,7,10, ,-200.0,-200.0,-200.0,-200.0,-200.0
Average Crosstalk per pair,3,all,14,3, ,-200.0,-200.0,-200.0,-200.0,-200.0
Average Crosstalk per pair,3,all,8,1, ,-200.0,-200.0,-200.0,-200.0,-200.0
Average Crosstalk per pair,3,all,12,10, ,-200.0,-200.0,-200.0,-200.0,-200.0
Average Crosstalk per pair,3,all,8,7, ,-200.0,-200.0,-200.0,-200.0,-200.0
Average Crosstalk per pair,3,all,3,6, ,-200.0,-200.0,-200.0,-200.0,-200.0
Average Crosstalk per pair,3,all,7,3, ,-200.0,-200.0,-200.0,-200.0,-200.0
Average Crosstalk per pair,3,all,8,12, ,-200.0,-200.0,-200.0,-200.0,-199.70360508653954
Average Crosstalk per pair,3,all,11,12, ,-200.0,-200.0,-200.0,-200.0,-200.0
Average Crosstalk per pair,3,all,5,6, ,-200.0,-200.0,-200.0,-200.0,-200.0
Average Crosstalk per pair,3,all,7,12, ,-200.0,-200.0,-200.0,-200.0,-200.0
Average Crosstalk per pair,3,all,9,10, ,-200.0,-200.0,-200.0,-200.0,-200.0
Average Crosstalk per pair,3,all,8,9, ,-200.0,-200.0,-200.0,-200.0,-200.0
Average Crosstalk per pair,3,all,8,5, ,-200.0,-200.0,-200.0,-200.0,-200.0
Average Crosstalk per pair,3,all,14,5, ,-200.0,-200.0,-200.0,-200.0,-200.0
Average Crosstalk per pair,3,all,13,7, ,-200.0,-200.0,-200.0,-200.0,-200.0
Average Crosstalk per pair,3,all,5,9, ,-200.0,-200.0,-200.0,-200.0,-200.0
Average Crosstalk per pair,3,all,13,9, ,-200.0,-200.0,-200.0,-200.0,-200.0
Average Crosstalk per pair,3,all,9,13, ,-200.0,-200.0,-200.0,-200.0,-200.0
Average Crosstalk per pair,3,all,13,14, ,-200.0,-200.0,-200.0,-200.0,-200.0
Average Crosstalk per pair,3,all,11,3, ,-200.0,-200.0,-200.0,-200.0,-200.0
Average Crosstalk per pair,3,all,12,1, ,-200.0,-200.0,-200.0,-200.0,-200.0
Average Crosstalk per pair,3,all,9,8, ,-200.0,-200.0,-200.0,-200.0,-200.0
Average Crosstalk per pair,3,all,12,2, ,-200.0,-199.3887093466864,-199.64790493163534,-200.0,-199.02305337299157
Average Crosstalk per pair,3,all,6,7, ,-200.0,-200.0,-200.0,-200.0,-200.0
Average Crosstalk per pair,3,all,9,4, ,-200.0,-200.0,-200.0,-200.0,-200.0
Average Crosstalk per pair,3,all,6,13, ,-200.0,-200.0,-200.0,-200.0,-200.0
Average Crosstalk per pair,3,all,14,11, ,-200.0,-200.0,-200.0,-200.0,-200.0
Average Crosstalk per pair,3,all,3,8, ,-200.0,-200.0,-200.0,-200.0,-200.0
Average Crosstalk per pair,3,all,11,8, ,-200.0,-199.38875910820445,-200.0,-200.0,-199.69698489902092
Average Crosstalk per pair,3,all,2,9, ,-200.0,-199.36741204499253,-199.08738456369585,-200.0,-199.65954086993605
Average Crosstalk per pair,3,all,5,3, ,-200.0,-200.0,-200.0,-200.0,-200.0
Average Crosstalk per pair,3,all,7,6, ,-200.0,-200.0,-200.0,-200.0,-200.0
Average Crosstalk per pair,3,all,14,1, ,-200.0,-199.0226737929898,-200.0,-199.68253623872585,-199.3843853510214
Average Crosstalk per pair,3,all,11,1, ,-200.0,-200.0,-200.0,-200.0,-199.6919784411498
Average Crosstalk per pair,3,all,12,14, ,-200.0,-200.0,-200.0,-200.0,-200.0
Average Crosstalk per pair,3,all,4,11, ,-200.0,-200.0,-200.0,-200.0,-200.0
Average Crosstalk per pair,3,all,7,14, ,-199.70020048729404,-200.0,-200.0,-200.0,-200.0
Average Crosstalk per pair,3,all,12,7, ,-200.0,-200.0,-200.0,-200.0,-200.0
Average Crosstalk per pair,3,all,10,8, ,-200.0,-200.0,-200.0,-200.0,-200.0
Average Crosstalk per pair,3,all,4,13, ,-200.0,-200.0,-200.0,-200.0,-200.0
Average Crosstalk per pair,3,all,1,12, ,-200.0,-199.68857604440873,-200.0,-200.0,-200.0
Average Crosstalk per pair,3,all,3,4, ,-200.0,-200.0,-200.0,-200.0,-200.0
Average Crosstalk per pair,3,all,9,11, ,-200.0,-200.0,-200.0,-200.0,-200.0
Average Crosstalk per pair,3,all,12,8, ,-200.0,-200.0,-200.0,-200.0,-199.66592947816568
Average Crosstalk per pair,3,all,14,6, ,-200.0,-200.0,-200.0,-200.0,-200.0
Average Crosstalk per pair,3,all,4,3, ,-200.0,-200.0,-200.0,-200.0,-200.0
Average Crosstalk per pair,3,all,9,3, ,-200.0,-200.0,-200.0,-200.0,-200.0
Average Crosstalk per pair,3,all,9,1, ,-200.0,-200.0,-200.0,-199.66688591933845,-200.0
Average Crosstalk per pair,3,all,4,9, ,-200.0,-200.0,-200.0,-200.0,-200.0
Average Crosstalk per pair,3,all,9,5, ,-200.0,-200.0,-200.0,-200.0,-200.0
Average Crosstalk per pair,3,all,13,6, ,-200.0,-200.0,-200.0,-200.0,-200.0
Average Crosstalk per pair,3,all,2,10, ,-200.0,-200.0,-200.0,-200.0,-200.0
Average Crosstalk per pair,3,all,11,10, ,-200.0,-200.0,-200.0,-200.0,-200.0
Average Crosstalk per pair,3,all,12,11, ,-200.0,-200.0,-200.0,-200.0,-200.0
Average Crosstalk per pair,3,all,1,13, ,-200.0,-200.0,-200.0,-200.0,-200.0
Average Crosstalk per pair,3,all,11,4, ,-200.0,-200.0,-200.0,-200.0,-200.0
Average Crosstalk per pair,3,all,14,9, ,-200.0,-200.0,-200.0,-200.0,-200.0
Average Crosstalk per pair,3,all,1,11, ,-200.0,-199.66622601286178,-200.0,-200.0,-200.0
Average Crosstalk per pair,3,all,6,1, ,-200.0,-200.0,-200.0,-200.0,-200.0
Average Crosstalk per pair,3,all,12,3, ,-200.0,-200.0,-200.0,-200.0,-200.0
Average Crosstalk per pair,3,all,5,8, ,-200.0,-200.0,-200.0,-200.0,-200.0
Average Crosstalk per pair,3,all,1,5, ,-200.0,-200.0,-200.0,-200.0,-200.0
Average Crosstalk per pair,3,all,8,6, ,-200.0,-200.0,-200.0,-200.0,-200.0
Average Crosstalk per pair,3,all,7,1, ,-200.0,-200.0,-200.0,-200.0,-200.0
Average Crosstalk per pair,3,all,13,8, ,-200.0,-200.0,-200.0,-200.0,-200.0
Average Crosstalk per pair,4,all,1,6, ,-200.0,-200.0,-200.0,-200.0,-200.0
Average Crosstalk per pair,4,all,8,3, ,-200.0,-200.0,-200.0,-200.0,-200.0
Average Crosstalk per pair,4,all,6,9, ,-200.0,-200.0,-200.0,-200.0,-200.0
Average Crosstalk per pair,4,all,1,7, ,-200.0,-200.0,-199.4104886469417,-200.0,-199.69364841265377
Average Crosstalk per pair,4,all,4,6, ,-200.0,-200.0,-200.0,-200.0,-200.0
Average Crosstalk per pair,4,all,2,12, ,-198.58478311590284,-199.2760874985884,-197.07760770180013,-199.35137707803864,-196.61747828731404
Average Crosstalk per pair,4,all,7,9, ,-200.0,-200.0,-200.0,-200.0,-200.0
Average Crosstalk per pair,4,all,2,3, ,-200.0,-200.0,-200.0,-200.0,-200.0
Average Crosstalk per pair,4,all,3,14, ,-200.0,-200.0,-200.0,-200.0,-200.0
Average Crosstalk per pair,4,all,4,10, ,-200.0,-200.0,-200.0,-200.0,-200.0
Average Crosstalk per pair,4,all,3,11, ,-200.0,-200.0,-200.0,-200.0,-199.7033677698401
Average Crosstalk per pair,4,all,4,5, ,-200.0,-200.0,-200.0,-200.0,-200.0
Average Crosstalk per pair,4,all,10,4, ,-200.0,-200.0,-200.0,-200.0,-200.0
Average Crosstalk per pair,4,all,14,8, ,-199.68943217664116,-199.01372501259985,-199.3642583895027,-199.0010072331649,-199.00105791867963
Average Crosstalk per pair,4,all,2,6, ,-200.0,-200.0,-200.0,-200.0,-200.0
Average Crosstalk per pair,4,all,5,13, ,-199.707139922358,-199.68297511444905,-199.67894986258943,-199.6884571444491,-198.67180894037276
Average Crosstalk per pair,4,all,10,11, ,-200.0,-200.0,-200.0,-200.0,-200.0
Average Crosstalk per pair,4,all,6,5, ,-200.0,-200.0,-200.0,-200.0,-200.0
Average Crosstalk per pair,4,all,7,8, ,-200.0,-200.0,-200.0,-200.0,-200.0
Average Crosstalk per pair,4,all,14,10, ,-200.0,-200.0,-200.0,-200.0,-200.0
Average Crosstalk per pair,4,all,11,9, ,-200.0,-200.0,-200.0,-200.0,-200.0
Average Crosstalk per pair,4,all,8,4, ,-200.0,-200.0,-199.6985227750946,-199.69658426468345,-200.0
Average Crosstalk per pair,4,all,2,8, ,-200.0,-200.0,-200.0,-200.0,-200.0
Average Crosstalk per pair,4,all,2,7, ,-200.0,-200.0,-200.0,-200.0,-199.39455172933225
Average Crosstalk per pair,4,all,4,8, ,-200.0,-199.36546766920534,-200.0,-200.0,-200.0
Average Crosstalk per pair,4,all,9,14, ,-200.0,-200.0,-200.0,-200.0,-200.0
Average Crosstalk per pair,4,all,9,2, ,-198.28355548626186,-197.47212155659065,-196.22117972243151,-198.29007908119272,-197.5206198110419
Average Crosstalk per pair,4,all,10,3, ,-200.0,-200.0,-200.0,-200.0,-200.0
Average Crosstalk per pair,4,all,12,4, ,-200.0,-200.0,-199.7052975658498,-200.0,-200.0
Average Crosstalk per pair,4,all,4,12, ,-200.0,-200.0,-200.0,-200.0,-200.0
Average Crosstalk per pair,4,all,5,2, ,-200.0,-200.0,-200.0,-200.0,-200.0
Average Crosstalk per pair,4,all,3,2, ,-200.0,-200.0,-200.0,-200.0,-200.0
Average Crosstalk per pair,4,all,12,9, ,-200.0,-200.0,-200.0,-200.0,-200.0
Average Crosstalk per pair,4,all,10,13, ,-200.0,-200.0,-200.0,-200.0,-199.692054688474
Average Crosstalk per pair,4,all,1,8, ,-200.0,-200.0,-200.0,-200.0,-200.0
Average Crosstalk per pair,4,all,3,9, ,-200.0,-200.0,-200.0,-200.0,-200.0
Average Crosstalk per pair,4,all,11,6, ,-200.0,-200.0,-200.0,-200.0,-200.0
Average Crosstalk per pair,4,all,9,6, ,-200.0,-200.0,-200.0,-200.0,-200.0
Average Crosstalk per pair,4,all,10,12, ,-200.0,-200.0,-200.0,-200.0,-200.0
Average Crosstalk per pair,4,all,4,14, ,-200.0,-200.0,-200.0,-200.0,-200.0
Average Crosstalk per pair,4,all,14,13, ,-200.0,-200.0,-200.0,-200.0,-200.0
Average Crosstalk per pair,4,all,11,5, ,-200.0,-199.68990711722796,-199.3682411644537,-200.0,-199.6521801302618
Average Crosstalk per pair,4,all,2,11, ,-200.0,-200.0,-199.6568832646454,-200.0,-199.6691094958867
Average Crosstalk per pair,4,all,14,12, ,-200.0,-200.0,-200.0,-200.0,-200.0
Average Crosstalk per pair,4,all,1,4, ,-200.0,-200.0,-200.0,-200.0,-200.0
Average Crosstalk per pair,4,all,3,13, ,-200.0,-200.0,-200.0,-200.0,-200.0
Average Crosstalk per pair,4,all,3,7, ,-200.0,-200.0,-200.0,-200.0,-200.0
Average Crosstalk per pair,4,all,10,5, ,-200.0,-200.0,-200.0,-200.0,-200.0
Average Crosstalk per pair,4,all,2,4, ,-200.0,-200.0,-200.0,-200.0,-200.0
Average Crosstalk per pair,4,all,4,2, ,-200.0,-200.0,-200.0,-200.0,-200.0
Average Crosstalk per pair,4,all,3,10, ,-200.0,-200.0,-200.0,-200.0,-200.0
Average Crosstalk per pair,4,all,5,11, ,-200.0,-200.0,-200.0,-200.0,-200.0
Average Crosstalk per pair,4,all,2,14, ,-199.23597128701815,-198.61553039171494,-198.12522304112903,-199.3050895766697,-197.94120387160297
Average Crosstalk per pair,4,all,10,2, ,-200.0,-200.0,-200.0,-199.683195556781,-200.0
Average Crosstalk per pair,4,all,2,1, ,-200.0,-200.0,-200.0,-200.0,-200.0
Average Crosstalk per pair,4,all,8,2, ,-200.0,-200.0,-200.0,-200.0,-200.0
Average Crosstalk per pair,4,all,10,14, ,-200.0,-200.0,-200.0,-200.0,-200.0
Average Crosstalk per pair,4,all,7,2, ,-200.0,-200.0,-200.0,-200.0,-199.35679933169456
Average Crosstalk per pair,4,all,11,14, ,-200.0,-200.0,-200.0,-200.0,-200.0
Average Crosstalk per pair,4,all,7,13, ,-200.0,-200.0,-200.0,-200.0,-200.0
Average Crosstalk per pair,4,all,3,12, ,-200.0,-200.0,-200.0,-200.0,-200.0
Average Crosstalk per pair,4,all,13,12, ,-200.0,-200.0,-200.0,-200.0,-200.0
Average Crosstalk per pair,4,all,7,5, ,-200.0,-200.0,-200.0,-200.0,-200.0
Average Crosstalk per pair,4,all,4,7, ,-200.0,-200.0,-200.0,-200.0,-200.0
Average Crosstalk per pair,4,all,6,8, ,-200.0,-200.0,-200.0,-200.0,-199.6818605888661
Average Crosstalk per pair,4,all,13,5, ,-200.0,-200.0,-199.70079120352005,-199.3946849871614,-199.6832865900211
Average Crosstalk per pair,4,all,5,14, ,-200.0,-200.0,-200.0,-200.0,-200.0
Average Crosstalk per pair,4,all,1,14, ,-196.77924436845993,-197.7892940100248,-199.64683346281288,-197.6923431433305,-196.21343873174982
Average Crosstalk per pair,4,all,6,2, ,-200.0,-200.0,-200.0,-200.0,-200.0
Average Crosstalk per pair,4,all,3,5, ,-200.0,-200.0,-200.0,-200.0,-200.0
Average Crosstalk per pair,4,all,6,3, ,-200.0,-200.0,-200.0,-200.0,-200.0
Average Crosstalk per pair,4,all,7,11, ,-198.24813511116423,-199.66349975174322,-198.43089598423566,-198.47809861157128,-198.39867676947347
Average Crosstalk per pair,4,all,11,7, ,-199.04296056404385,-199.67038795943907,-198.27533124241768,-199.35742179363157,-198.71341146726806
Average Crosstalk per pair,4,all,10,7, ,-200.0,-200.0,-200.0,-200.0,-200.0
Average Crosstalk per pair,4,all,6,14, ,-200.0,-200.0,-200.0,-200.0,-200.0
Average Crosstalk per pair,4,all,6,12, ,-200.0,-200.0,-200.0,-200.0,-200.0
Average Crosstalk per pair,4,all,13,4, ,-200.0,-199.697771442482,-200.0,-200.0,-200.0
Average Crosstalk per pair,4,all,12,13, ,-200.0,-200.0,-200.0,-200.0,-200.0
Average Crosstalk per pair,4,all,6,4, ,-200.0,-200.0,-200.0,-200.0,-200.0
Average Crosstalk per pair,4,all,14,4, ,-200.0,-200.0,-200.0,-200.0,-200.0
Average Crosstalk per pair,4,all,9,12, ,-200.0,-200.0,-200.0,-200.0,-200.0
Average Crosstalk per pair,4,all,10,1, ,-200.0,-200.0,-200.0,-200.0,-200.0
Average Crosstalk per pair,4,all,9,7, ,-200.0,-200.0,-200.0,-200.0,-200.0
Average Crosstalk per pair,4,all,11,13, ,-200.0,-200.0,-200.0,-200.0,-200.0
Average Crosstalk per pair,4,all,13,10, ,-200.0,-200.0,-200.0,-200.0,-200.0
Average Crosstalk per pair,4,all,14,7, ,-200.0,-199.09932760920455,-199.66013462024645,-199.67816657431166,-200.0
Average Crosstalk per pair,4,all,5,12, ,-199.3367793222085,-200.0,-199.67493267219132,-199.68595398033477,-199.67770887928978
Average Crosstalk per pair,4,all,13,2, ,-200.0,-198.61446502394,-198.39120053914183,-198.93709725186616,-199.3516484194472
Average Crosstalk per pair,4,all,3,1, ,-200.0,-200.0,-200.0,-200.0,-200.0
Average Crosstalk per pair,4,all,2,13, ,-199.65059600583615,-200.0,-199.63974476001954,-198.9598553334852,-198.99762867632086
Average Crosstalk per pair,4,all,8,11, ,-199.64105485233333,-200.0,-199.02760782394168,-199.68153909169195,-199.68525762983404
Average Crosstalk per pair,4,all,6,11, ,-200.0,-200.0,-200.0,-200.0,-200.0
Average Crosstalk per pair,4,all,13,3, ,-200.0,-200.0,-200.0,-200.0,-200.0
Average Crosstalk per pair,4,all,1,3, ,-200.0,-200.0,-200.0,-200.0,-200.0
Average Crosstalk per pair,4,all,12,6, ,-200.0,-200.0,-200.0,-200.0,-200.0
Average Crosstalk per pair,4,all,6,10, ,-200.0,-200.0,-200.0,-200.0,-200.0
Average Crosstalk per pair,4,all,7,4, ,-200.0,-200.0,-200.0,-199.7256854112638,-200.0
Average Crosstalk per pair,4,all,13,1, ,-199.03365813817305,-198.07819609507226,-198.75981950956134,-198.69631935332265,-198.6464295401385
Average Crosstalk per pair,4,all,1,10, ,-200.0,-199.70242561661166,-200.0,-200.0,-200.0
Average Crosstalk per pair,4,all,5,7, ,-200.0,-200.0,-200.0,-200.0,-200.0
Average Crosstalk per pair,4,all,14,2, ,-199.30762913279358,-198.03035113345933,-198.02047767222012,-198.95726938769147,-198.63058646848825
Average Crosstalk per pair,4,all,1,9, ,-199.36566353796712,-198.58781294657481,-199.37761573899232,-200.0,-199.3338844727784
Average Crosstalk per pair,4,all,13,11, ,-200.0,-200.0,-200.0,-200.0,-200.0
Average Crosstalk per pair,4,all,10,6, ,-200.0,-200.0,-200.0,-200.0,-200.0
Average Crosstalk per pair,4,all,11,2, ,-200.0,-199.66888334563566,-199.66915211324843,-200.0,-200.0
Average Crosstalk per pair,4,all,12,5, ,-200.0,-200.0,-200.0,-199.36332126988077,-199.07906156280865
Average Crosstalk per pair,4,all,8,10, ,-200.0,-200.0,-200.0,-200.0,-200.0
Average Crosstalk per pair,4,all,4,1, ,-200.0,-200.0,-200.0,-200.0,-200.0
Average Crosstalk per pair,4,all,5,1, ,-200.0,-200.0,-200.0,-200.0,-200.0
Average Crosstalk per pair,4,all,1,2, ,-200.0,-200.0,-200.0,-200.0,-200.0
Average Crosstalk per pair,4,all,8,13, ,-200.0,-200.0,-200.0,-200.0,-200.0
Average Crosstalk per pair,4,all,10,9, ,-200.0,-200.0,-200.0,-200.0,-200.0
Average Crosstalk per pair,4,all,2,5, ,-200.0,-200.0,-200.0,-200.0,-200.0
Average Crosstalk per pair,4,all,8,14, ,-198.4234939825078,-199.6790078847904,-200.0,-200.0,-199.3731384780518
Average Crosstalk per pair,4,all,5,10, ,-200.0,-200.0,-200.0,-200.0,-200.0
Average Crosstalk per pair,4,all,5,4, ,-200.0,-200.0,-200.0,-200.0,-200.0
Average Crosstalk per pair,4,all,7,10, ,-200.0,-200.0,-200.0,-200.0,-200.0
Average Crosstalk per pair,4,all,14,3, ,-200.0,-200.0,-200.0,-200.0,-200.0
Average Crosstalk per pair,4,all,8,1, ,-200.0,-200.0,-200.0,-200.0,-200.0
Average Crosstalk per pair,4,all,12,10, ,-200.0,-200.0,-200.0,-200.0,-200.0
Average Crosstalk per pair,4,all,8,7, ,-200.0,-200.0,-200.0,-200.0,-200.0
Average Crosstalk per pair,4,all,3,6, ,-200.0,-200.0,-200.0,-200.0,-200.0
Average Crosstalk per pair,4,all,7,3, ,-200.0,-200.0,-200.0,-200.0,-200.0
Average Crosstalk per pair,4,all,8,12, ,-199.66696924168932,-199.3728807738318,-200.0,-199.67686122685552,-200.0
Average Crosstalk per pair,4,all,11,12, ,-200.0,-200.0,-200.0,-200.0,-200.0
Average Crosstalk per pair,4,all,5,6, ,-200.0,-200.0,-200.0,-200.0,-200.0
Average Crosstalk per pair,4,all,7,12, ,-200.0,-200.0,-200.0,-200.0,-199.38323642200623
Average Crosstalk per pair,4,all,9,10, ,-200.0,-200.0,-200.0,-200.0,-200.0
Average Crosstalk per pair,4,all,8,9, ,-200.0,-200.0,-200.0,-200.0,-200.0
Average Crosstalk per pair,4,all,8,5, ,-200.0,-200.0,-200.0,-200.0,-200.0
Average Crosstalk per pair,4,all,14,5, ,-200.0,-200.0,-200.0,-200.0,-200.0
Average Crosstalk per pair,4,all,13,7, ,-200.0,-200.0,-199.66048934814586,-199.68965678184017,-200.0
Average Crosstalk per pair,4,all,5,9, ,-200.0,-199.7029563375337,-199.68324078392968,-200.0,-199.675121097843
Average Crosstalk per pair,4,all,13,9, ,-200.0,-200.0,-200.0,-200.0,-200.0
Average Crosstalk per pair,4,all,9,13, ,-200.0,-200.0,-200.0,-200.0,-200.0
Average Crosstalk per pair,4,all,13,14, ,-200.0,-200.0,-200.0,-200.0,-200.0
Average Crosstalk per pair,4,all,11,3, ,-200.0,-200.0,-200.0,-200.0,-200.0
Average Crosstalk per pair,4,all,12,1, ,-199.68489183131152,-198.4784428927274,-198.6406545876082,-198.64663940212785,-198.3590053405712
Average Crosstalk per pair,4,all,9,8, ,-200.0,-200.0,-200.0,-200.0,-200.0
Average Crosstalk per pair,4,all,12,2, ,-200.0,-199.35451540837664,-198.2178416442276,-198.65519117428605,-199.67444140294344
Average Crosstalk per pair,4,all,6,7, ,-200.0,-200.0,-200.0,-200.0,-200.0
Average Crosstalk per pair,4,all,9,4, ,-200.0,-200.0,-200.0,-200.0,-200.0
Average Crosstalk per pair,4,all,6,13, ,-200.0,-200.0,-200.0,-200.0,-200.0
Average Crosstalk per pair,4,all,14,11, ,-200.0,-200.0,-200.0,-200.0,-200.0
Average Crosstalk per pair,4,all,3,8, ,-200.0,-200.0,-200.0,-200.0,-200.0
Average Crosstalk per pair,4,all,11,8, ,-200.0,-199.29473994055834,-199.33886841413795,-199.70073614253508,-199.38695440194914
Average Crosstalk per pair,4,all,2,9, ,-197.71642109648513,-197.84546701938459,-196.800739013037,-198.2415619465532,-196.4935789959125
Average Crosstalk per pair,4,all,5,3, ,-200.0,-200.0,-200.0,-200.0,-200.0
Average Crosstalk per pair,4,all,7,6, ,-200.0,-200.0,-200.0,-200.0,-200.0
Average Crosstalk per pair,4,all,14,1, ,-198.6806387132803,-196.80756222869894,-196.2534421529505,-197.55040279703454,-198.97403547212676
Average Crosstalk per pair,4,all,11,1, ,-200.0,-199.06342352999545,-200.0,-200.0,-199.3576217048557
Average Crosstalk per pair,4,all,12,14, ,-200.0,-200.0,-200.0,-200.0,-200.0
Average Crosstalk per pair,4,all,4,11, ,-200.0,-200.0,-200.0,-200.0,-200.0
Average Crosstalk per pair,4,all,7,14, ,-199.33770051709365,-198.71529893385832,-200.0,-200.0,-199.64550693366584
Average Crosstalk per pair,4,all,12,7, ,-200.0,-200.0,-200.0,-200.0,-200.0
Average Crosstalk per pair,4,all,10,8, ,-200.0,-200.0,-200.0,-200.0,-200.0
Average Crosstalk per pair,4,all,4,13, ,-200.0,-200.0,-200.0,-200.0,-200.0
Average Crosstalk per pair,4,all,1,12, ,-199.667775482373,-198.99660417119935,-198.97499902134547,-198.69296881640614,-198.98136993403594
Average Crosstalk per pair,4,all,3,4, ,-200.0,-200.0,-200.0,-200.0,-200.0
Average Crosstalk per pair,4,all,9,11, ,-200.0,-200.0,-200.0,-200.0,-200.0
Average Crosstalk per pair,4,all,12,8, ,-200.0,-199.69545833978748,-200.0,-199.6695626026661,-200.0
Average Crosstalk per pair,4,all,14,6, ,-200.0,-200.0,-200.0,-200.0,-200.0
Average Crosstalk per pair,4,all,4,3, ,-200.0,-200.0,-200.0,-200.0,-200.0
Average Crosstalk per pair,4,all,9,3, ,-200.0,-200.0,-200.0,-200.0,-200.0
Average Crosstalk per pair,4,all,9,1, ,-199.36106312884192,-200.0,-198.51070893170055,-199.39810781802476,-200.0
Average Crosstalk per pair,4,all,4,9, ,-200.0,-199.67656331340302,-199.68481036704603,-200.0,-200.0
Average Crosstalk per pair,4,all,9,5, ,-199.6715268261935,-200.0,-200.0,-200.0,-200.0
Average Crosstalk per pair,4,all,13,6, ,-200.0,-200.0,-200.0,-200.0,-200.0
Average Crosstalk per pair,4,all,2,10, ,-199.68113160206116,-200.0,-200.0,-200.0,-200.0
Average Crosstalk per pair,4,all,11,10, ,-200.0,-200.0,-200.0,-200.0,-200.0
Average Crosstalk per pair,4,all,12,11, ,-200.0,-200.0,-200.0,-200.0,-200.0
Average Crosstalk per pair,4,all,1,13, ,-199.09304058833052,-198.64136041462456,-200.0,-199.35372659605966,-198.33736700025116
Average Crosstalk per pair,4,all,11,4, ,-200.0,-200.0,-200.0,-200.0,-200.0
Average Crosstalk per pair,4,all,14,9, ,-200.0,-200.0,-200.0,-200.0,-200.0
Average Crosstalk per pair,4,all,1,11, ,-198.39111826208895,-198.99626119375313,-199.3567830217448,-200.0,-199.347024783608
Average Crosstalk per pair,4,all,6,1, ,-200.0,-200.0,-200.0,-200.0,-200.0
Average Crosstalk per pair,4,all,12,3, ,-200.0,-200.0,-200.0,-200.0,-200.0
Average Crosstalk per pair,4,all,5,8, ,-200.0,-200.0,-200.0,-200.0,-200.0
Average Crosstalk per pair,4,all,1,5, ,-199.67648794248012,-199.40402336279968,-199.37356485675957,-199.38755590547524,-200.0
Average Crosstalk per pair,4,all,8,6, ,-199.68736647405618,-199.66937333668113,-200.0,-200.0,-200.0
Average Crosstalk per pair,4,all,7,1, ,-200.0,-200.0,-200.0,-200.0,-200.0
Average Crosstalk per pair,4,all,13,8, ,-200.0,-200.0,-199.68138749463148,-200.0,-200.0


